rank	word	occurrences	verdict	reason	example_ba	parallel_ru	corpus
1	ҙән	2802	не отдельное слово / токенизация	фрагмент окончания после числа, кавычек, дефиса или разрыва	Облигацияларҙың күбеһе 1941-ҙән 1957-гә тиклем арауыҡта алынған.	Большинство облигаций было приобретено с 1941 по 1957 год.	https://t.me/bashkort_translate_bot
2	тарихы	2226	ложное срабатывание / формула	основа тарих ошибочно отнесена к мягкому N14; нужна твёрдая парадигма N13	Ул тәгәрмәсле тырылдаҡтың да үҙ тарихы бар.	У этой трехколесной тарахтелки тоже есть своя история.	https://t.me/bashkort_translate_bot
3	респ	2032	сокращение / разметка	типичное энциклопедическое сокращение; нужно обрабатывать токенизатором или белым списком	Галерея янында эшләгән “халыҡ” исеменә эйә ижади коллективтарҙың (2005 й. — 7) эшмәкәрлеген күҙәтә. 2002 й. башлап “Тамға” күргәҙмә проекты сиктәрендә йыл һайын нәфис кейеҙ сәнғәте өлкәһендә ижад иткән оҫталар ҡатнашлығында респ. семинарҙары үткәрә.	Курирует деятельность существующих при галерее художественных коллективов, имеющих звание “народный” (в 2005 – 7). С 2002 в рамках выставочного проекта “Тамга” ежегодно проводит республиканские семинары с участием народных мастеров, работающих в области войлока художественного.	bashkir encyclopedia
4	күҙаллана	1984	ложное срабатывание / формула	нормативный пассив/настоящее; нет цепочки -ла-н-а, а V35 даёт ошибочное күҙалланый	Исламға тиклемге инаныуҙарҙа йыш ҡына дейеү, бәрейгә оҡшаған исемһеҙ йән эйәһе итеп күҙаллана.	В доисламских верованиях выступает как неперсонифицированное божество, которое часто ассоциировалось с дию, пярий.	bashkir encyclopedia
5	станц	1696	сокращение / разметка	типичное энциклопедическое сокращение; нужно обрабатывать токенизатором или белым списком	Административ үҙәге — Борай а., Өфөнән төньяҡҡа 152 км һәм Яңауыл тимер юл станц. көньяҡ-көнсығышҡа табан 68 км алыҫлыҡта ята.	Административный центр — с. Бураево, находится в 152 км к С. от Уфы и 68 км к Ю.-В. от железнодорожной станции Янаул.	bashkir encyclopedia
6	млн	1585	сокращение / разметка	типичное энциклопедическое сокращение; нужно обрабатывать токенизатором или белым списком	Антарктида – Көньяҡ ҡотоп өлкәһенең үҙәк өлөшөндәге ҡитға. Майҙаны – 13,9 млн. кв. км.	Антарктида – материк в центральной части южной полярной области, примыкающий к Южному полюсу, площадью 13,9 млн. кв. км.	https://t.me/bashkort_translate_bot
7	тиклемге	1548	ложное срабатывание / формула	нормативная форма подтверждена академической грамматикой; B02/D02 не даёт -ге	— Совет власына тиклемге атамаһы Муллаҡай ине.	— До прихода советской власти называлась она Муллакай.	https://t.me/bashkort_translate_bot
8	нән	1490	не отдельное слово / токенизация	фрагмент окончания после числа, кавычек, дефиса или разрыва	Билдәләнгән тәртип буйынса, ысын хеҙмәткә кеше 20-нән 50 йәшкә тиклем алынырға, унан һуң эске хеҙмәткә күсерелергә тейеш булған.	По установленному порядку, на службу должны были идти мужчины от 25 до 50 лет, послу этого они должны были переведены на внутреннюю службу.	https://t.me/bashkort_translate_bot
9	етәкс	1264	сокращение / разметка	типичное энциклопедическое сокращение; нужно обрабатывать токенизатором или белым списком	Г. етәкс. БР йыйылма командаһы Рәсәй чемпион була һәм Рәсәй Кубогын яулай (1993—94, 1996).	Под руководством Г. сборная команда РБ стала чемпион России и обладателем Кубка России (1993—94, 1996).	bashkir encyclopedia
10	тотондо	1228	ложное срабатывание / формула	тотон ошибочно V01; округлённая парадигма V03 даёт тотондо	Ул да булмай, йәшен ялтырарға, күк күкрәргә тотондо.	Дождь все не шел. Вспышки молнии становились все ярче, удары грома становились все грознее.	https://t.me/bashkort_translate_bot
11	губерн	1225	сокращение / разметка	типичное энциклопедическое сокращение; нужно обрабатывать токенизатором или белым списком	ДӘҮЛӘТШИНА Һәҙиә Лотфулла ҡыҙы [21.2.1905, Һамар губерн. Николаевск өйәҙе Хәсән а. (Һамар өлк. Оло Чернигов районы) — 5.12.1954, Бөрө ҡ.], яҙыусы.	ДАВЛЕТШИНА Хадия Лутфулловна (21.2.1905, д. Хасаново Николаевского уезда Самарской губернии, ныне д. Хасьяново Большечерниговского района Самарской обл., – 5.12.1954, г. Бирск), писательница.	bashkir encyclopedia
12	тиҙәр	1115	ложное срабатывание / формула	нерегулярная парадигма ти не описана	«Беләбеҙ, кәрәкмәй, зинһар, һөйләмә», – тиҙәр.	— Не говори об этом, мы уже знаем, пожалуйста, перестань!	https://t.me/bashkort_translate_bot
13	өлк	1074	сокращение / разметка	типичное энциклопедическое сокращение; нужно обрабатывать токенизатором или белым списком	ДӘҮЛӘТШИНА Һәҙиә Лотфулла ҡыҙы [21.2.1905, Һамар губерн. Николаевск өйәҙе Хәсән а. (Һамар өлк. Оло Чернигов районы) — 5.12.1954, Бөрө ҡ.], яҙыусы.	ДАВЛЕТШИНА Хадия Лутфулловна (21.2.1905, д. Хасаново Николаевского уезда Самарской губернии, ныне д. Хасьяново Большечерниговского района Самарской обл., – 5.12.1954, г. Бирск), писательница.	bashkir encyclopedia
14	инновацион	956	ложное срабатывание / покрытие словаря	нормативный современный термин, но основы нет в словаре	Иван үҙенең инновацион идеялары менән билдәле.	Иван известен своими инновационными идеями.	https://t.me/bashkort_translate_bot
15	ның	925	не отдельное слово / токенизация	фрагмент окончания после числа, кавычек, дефиса или разрыва	— Ә был «Даная»ның легендаһы бармы?	— Ay этой «Данаи» есть легенда?	https://t.me/bashkort_translate_bot
16	шағиры	917	ложное срабатывание / формула	шағир ошибочно N06; нужна твёрдая парадигма N05	Тәүге битенә авар шағиры Рәсүл Ғамзатовтың «Ҡыҙҙар исеме йондоҙҙар балҡышына һәм гөл-сәскәләр нәфислегенә оҡшарға, ә ир-ат исемендә ҡылыстар сыңлауы һәм китап аҡылы сағылырға тейеш» тигән һүҙҙәрен теркәп ҡуйҙым.	На первой ее странице написала слова знаменитого аварского поэта Расула Гамзатова о том, что от имени девочки должен исходить свет звезды или нежность цветка, а в имени мужчины должны воплощаться звон сабель и мудрость книг.	https://t.me/bashkort_translate_bot
17	фатирлы	891	ложное срабатывание / формула	фатир ошибочно N06; нужна твёрдая парадигма N05	Дауахана төҙөлөп бөтөү менән, килгән йәш белгестәр өсөн тип, ике фатирлы ҙур ғына йорт һалып ҡуйғайнылар, шунан асҡыс бирҙеләр беҙгә.	Когда строили новую больницу, рядом возвели двухквартирный большой дом для молодых специалистов. Вот нам и дали ключи от одной квартиры.	https://t.me/bashkort_translate_bot
18	соц	883	сокращение / разметка	типичное энциклопедическое сокращение; нужно обрабатывать токенизатором или белым списком	Йәнә ниндәй соц.-культ, объекттар индерҙегеҙ?	Какие еще предполагаются социально-культурные объекты?	https://t.me/bashkort_translate_bot
19	ғалимдар	865	ложное срабатывание / формула	ғалим ошибочно N02; нужна твёрдая парадигма N01	— 250 миллион йыл, ә таштағы һүрәттәргә – 14 мең йылдан ашыу, палеолит дәүере... – Туҡтаров һыңары саҡ ҡына туҡтап торҙо ла һорау ҡуйҙы: – ғалимдар 50-се йылдарҙа ғына күргәндәр шул һүрәттәрҙе, шуғаса ябай әҙәмдәр иғтибар итмәгәнме икән ни?	— 250 миллионов лет, а рисункам на ее стенах – более 14 тысяч лет, эра палеолита... – ответил наш всезнайка и задал вопрос: – Ученые обратили внимание на эти рисунки только в 50-х годах, неужели до этого здешние люди не замечали их?	https://t.me/bashkort_translate_bot
20	инек	854	ложное срабатывание / формула	форма вспомогательного ине отсутствует в парадигме, хотя подтверждена грамматикой	Әсәйем менән мин дә бәрәңге баҡсаһын утап сығып, сәй эсергә инеп кенә тора инек.	Мы с мамой только что закончили полоть картошку и зашли домой попить чаю.	https://t.me/bashkort_translate_bot
21	табибы	796	ложное срабатывание / формула	табип ошибочно N14; нужна N13 с п→б перед гласной	Мин – табип, ауыл табибы, киң профилле булырға бурыслымын.	Я – врач, сельский доктор, значит, обязан быть многопрофильным.	https://t.me/bashkort_translate_bot
22	паркы	772	ложное срабатывание / формула	N13 ошибочно озвончает к в группе -рк: паргы вместо паркы	Әхирәтем өс көн элек кенә шылтыратҡайны, бында йөҙҙәрсә гектар майҙанда Тәбиғәт паркы асылды, һиңә фотоларын һалып ебәрҙем, тип.	Подруга звонила недавно, сообщила, что у них открыли Природный парк на площади в несколько сот гектаров и что она уже послала мне фотографии.	https://t.me/bashkort_translate_bot
23	или	768	ошибка или иноязычная вставка корпуса	русский фрагмент внутри башкирской строки; расширять башкирскую морфологию не надо	Уйлап ҡараһаң, «Быть или не быть?» тигән мәңгелек һорау һәм һайлауға атаһы, бит эскелеге арҡаһында үҙ-үҙен бөторөүе менән: «Не быть», – тип яуап биргән...	Получается, на вечный вопрос и вечный выбор «Быть или не быть?» отец ответил самоуничтожением от пьянства – «Не быть...»	https://t.me/bashkort_translate_bot
24	аллы	763	ложное срабатывание / формула	раздельная часть нормативного үҙ аллы не покрыта словарём/классом основы ал	Ә инде дүртемә китеп, «шәп ҡатын» буласағым фаразланғас, мин хәбәрҙең айышын үҙ аллы аңғарырға өйрәндем.	А когда мне пошел четвертый год, и уже стало ясно, что из меня вырастет достойная женщина, я научилась догадываться о многом сама.	https://t.me/bashkort_translate_bot
25	иҡт	757	сокращение / разметка	типичное энциклопедическое сокращение; нужно обрабатывать токенизатором или белым списком	БДУ-ны тамамлағандан һуң (1977) СДПА-ла эшләй: 1999 йылдан алып — ситтән тороп уҡыу һәм иҡт. мәсьәләләре буйынса, 2006 й. ситтән тороп уҡыу һәм соц. мәсьәләләр буйынса проректор. 2006 й. декабренән ӨДАТУ-ның Стәрлетамаҡ ҡ. филиалында: директор урынбаҫары, 2010 й. башлап гуманитар һәм соц.-иҡт. фәндәр кафедра мөдире.	После окончания БГУ (1977) работала в СГПА: с 1999 проректор по заочному обучению и экон. вопросам, в 2006 — по заочному обучению и соц. вопросам. С декабря 2006 в филиале УГАТУ в г. Стерлитамак: заместитель директора, с 2010 заведующий кафедрой гуманитарных и соц.-экон. дисциплин.	bashkir encyclopedia
26	тарихын	716	ложное срабатывание / формула	та же неверная классификация тарих: N14 вместо N13	И, ҡәҙерлеләрем, Толпарлы Әдисәйе, уның тоғро Пенелопаһы, һеҙҙең мөхәббәтегеҙҙең тарихын бәйнә-бәйнә тергеҙәсәкмен!	Мои вы дорогие, Адисай из Тулпарлов и его верная Пенелопа, я еще увековечу историю вашей любви!	https://t.me/bashkort_translate_bot
27	адресы	693	ложное срабатывание / формула	адрес ошибочно N14; нужна твёрдая парадигма N13	Госпиталдең адресы бар, аҡса төйнәгәнем – яңы ғына туса һыйырҙы һаттым, картуфты тапшырҙым – йыйып йөрөнөләр.	Есть адрес госпиталя, деньги скопила – недавно продала яловую корову, сдала картошку перекупщикам.	https://t.me/bashkort_translate_bot
28	ҙың	685	не отдельное слово / токенизация	фрагмент окончания после числа, кавычек, дефиса или разрыва	Тарихтан билдәле «янычар»ҙың мәғәнәһе «яңы сар», йәғни яңы ғәскәр икәнен, мейемдә тыумыштан хасил хәтер компьютеры иҫкәртә һалды.	Известное из истории слово «янычар» означает «новое войско».	https://t.me/bashkort_translate_bot
29	табиптар	671	ложное срабатывание / формула	та же неверная классификация табип: N14 вместо N13	Лилиәгә төрлө мәсьәләләр менән күпләп килә башланылар: кемдер юғалған мал-тыуарын ҡайҙаныраҡ эҙләргә кәрәклеген һорай, кемдәрҙер баштарына төшкән бәлә-ҡазаның ниндәй гонаһтары өсөн ебәрелгәнен белергә теләй, күбеһе үҙҙәрен йылдар буйы яфалаған, әммә табиптар бер нисек тә дауалай алмаған сирҙәрҙән ҡотолорға өмөтләнеп мөрәжәғәт итә.	Кто-то просит посмотреть, куда запропастилась корова, кто-то хочет выяснить причины павшего на его голову несчастья, большинство же обращалось в надежде избавиться от болезней, годами мучающих их, но неподвластных врачебному лечению.	https://t.me/bashkort_translate_bot
30	ҙан	665	не отдельное слово / токенизация	фрагмент окончания после числа, кавычек, дефиса или разрыва	— Юҡ, һин «Пионер»ҙан уҙғанһың, мотлаҡ «Ленинсе»гә!	— Нет, ты уже переросла «Пионер», только в «Ленинец»!	https://t.me/bashkort_translate_bot
31	нач	654	сокращение / разметка	типичное энциклопедическое сокращение; нужно обрабатывать токенизатором или белым списком	1829 й. башлап Ырымбур айырым корпусының штаб нач. адъютанты, 1832 й. — өлкән адъютанты, 1835 й. — Ырымбур хәрби губернаторы адъютанты.	С 1829 адъютант, с 1832 ст. адъютант нач. штаба Отдельного Оренбургского корпуса, с 1835 адъютант оренб. воен. губернатора.	bashkir encyclopedia
32	басс	651	сокращение / разметка	типичное энциклопедическое сокращение; нужно обрабатывать токенизатором или белым списком	С.В.Семихатова Башҡортостан (Көньяҡ) Уралының Еҙем һәм Йүрүҙән йй. басс. Үрге Лука ҡасабаһы (Силәбе өлкәһе) янындағы Йүрүҙән й. типик киҫелеше булған һул ярында айырып күрһәтә (1934).	Выделен С.В.Семихатовой (1934) на Башкирском (Южном) Урале в басс. рр. Зилим и Юрюзань с типовым разрезом на левом берегу реки Юрюзань у п.Верхняя Лука (Челябинская область).	bashkir encyclopedia
33	авг	641	сокращение / разметка	типичное энциклопедическое сокращение; нужно обрабатывать токенизатором или белым списком	Башҡорт әҙәбиәте һәм сәнғәте декадалары һәм көндәре Санкт-Петербургта (1964 й. 15— 22 июнендә, 1969 й. 6—10 окт., 2001 й. 3—10 июнендә), Мәскәүҙә (1987 й. 10—12 февр. һәм 1997 й. 19—24 майында); Украина ССР-ында (1970 й. 16—23 окт. һәм 1978 й. 19— 25 майында), Ҡаҙаҡ ССР-ында (1976 й. 15—22 окт.); ТАССР-ҙа (1960 й. 5—13 июнендә һәм 1989 й. 28 майы — 4 июнендә), Яҡут АССР-ында (1973 й. 20—27 июнендә һәм 1978 й. 19—26 июнендә), Сыуашстанда (1975 й. 25—30 майында һәм 2001 й. 15—17 окт.), Ҡарағалпаҡ АССР-ында (1976 й. 12—24 нояб.), Таулы Алтай авт. округында (1983 й. 31 июле — 6 авг.) һ.б., шулай уҡ Ҡурған, Пермь, Силәбе, Һарытау, Ырымбур өлк. һәм башҡорттар тупланып йәшәгән башҡа төбәктәрҙә (1960 й. алып); Истанбул ҡ. (2006 й. 2—5 июнендә) үткәрелә.	Декады и дни башкирской литературы и искусства состоялись в Санкт-Петербурге (15—22 июня 1964, 6—10 окт. 1969, 3—10 июня 2001), Москве (10—12 февр. 1987 и 19—24 мая 1997); Украинск. ССР (16—23 окт. 1970 и 19—25 мая 1978), Казахской ССР (15—22 окт. 1976); ТАССР (5—13 июня 1960 и 28 мая — 4 июня 1989), Якутской АССР (20—27 июня 1973 и 19—26 июня 1978), Чувашии (25—30 мая 1975 и 15—17 окт. 2001), Каракалпакской АССР (12—24 нояб. 1976), Горно-Алтайском авт. округе (31 июля — 6 авг. 1983) и др., а также в Курганской, Оренб., Пермской, Саратовской, Челяб. обл. и других регионах компактного проживания башкир (с 1960); г. Стамбул (2—5 июня 2006).	bashkir encyclopedia
34	акад	640	сокращение / разметка	типичное энциклопедическое сокращение; нужно обрабатывать токенизатором или белым списком	Яңы император художество акад. (Мәскәү), БР Рәссамдар союзы, “Һәләтле балалар” коммерцияға ҡарамаған хәйриә фонды, Милли китапхана һ.б. менән хеҙмәттәшлек итә.	Сотрудничает с Новой Императорской Академией художеств (Москва), Союзом художников Республике Башкортостан, Благотворительным некоммерческим фондом “Одарённые дети”, Национальной библиотекой имени А.-З.Валиди и др.	bashkir encyclopedia
35	сент	617	сокращение / разметка	типичное энциклопедическое сокращение; нужно обрабатывать токенизатором или белым списком	Башҡортостанда Татар әҙәбиәте аҙнаһы (1960 й. 25—31 майында); Яҡут әҙәбиәте һәм сәнғәте (1972 й. 10—20 майында),Ҡарағалпаҡ (1977 й. 12—17 июнендә), Ҡаҙаҡ (1977 й. 17— 22 авг.), Украин (1979 й. 24—30 июнендә) әҙәбиәттәре, Сыуаш мәҙәниәте (1982 й. 23— 29 майында), Таулы Алтай әҙәбиәте һәм мәҙәниәте (1982 й. 27—30 сент.), ТАССР әҙәбиәте һәм сәнғәте (1988 й. 30 майы — 4 июнендә) көндәре һ.б. үткәрелә.	В Башкортостане прошли Неделя татарской литературы (25—31 мая 1960); Дни якутской литературы и искусства (10—20 мая 1972), каракалпакской (12—17 июня 1977), казахской (17—22 авг. 1977), украинской (24—30 июня 1979) литератур, чувашской культуры (23—29 мая 1982), литературы и культуры Горного Алтая (27—30 сент. 1982), литературы и искусства ТАССР (30 мая — 4 июня 1988) и др.	bashkir encyclopedia
36	яуа	617	ложное срабатывание / формула	парадигма глагола яу не образует нормативное настоящее яуа	Аяҙ күктән көлтә-көлтә нур яуа.	С ясного неба золотым дождем льется солнечный свет.	https://t.me/bashkort_translate_bot
37	мед	612	сокращение / разметка	типичное энциклопедическое сокращение; нужно обрабатывать токенизатором или белым списком	60—80-се йй. Мессина ҡ. (Италия) Рәсәй пароходсылыҡ һәм сауҙа йәмғиәтендә, Императрица Мария опекунлыҡ советында хеҙмәт итә, Мәскәүҙә мед., белем биреү һәм попечителлек учреждениелары менән идара итә.	В 60—80-е гг. служил в Рос. об-ве пароходства и торговли в г. Мессина (Италия), Опекунском совете имп. Марии, заведовал мед., образоват. и попечит. учреждениями в Москве.	bashkir encyclopedia
38	тарихында	601	ложное срабатывание / формула	та же неверная классификация тарих: N14 вместо N13	Ғаләм ҡапҡаһын егерме беренсе быуат асып инде, ғәрәсәтле туҡһанынсы йылдар Рәсәй тарихында йылъяҙма булып ҡалды.	В ворота Вселенной постучался двадцать первый век, лихие девяностые остались в летописи России.	https://t.me/bashkort_translate_bot
39	ғин	586	сокращение / разметка	типичное энциклопедическое сокращение; нужно обрабатывать токенизатором или белым списком	Көнө буйы шым йөрөгән, хатта ҡылыс таҡҡан, һары мыйыҡлы ике межевой, ғин туфлиҙарын ялтыратып, алтын погондарын саңдан ҡағып, ҙур текә кокардалы фуражкаларын төҙәтеп, ротмистр өҫтәле янына килделәр.	Не издавших за весь день ни одного звука два рыжеусых межевых чинов смахнули с золотых погон дорожную пыль, поправили фуражки с кокардой и, блистая кожаными туфлями, подошли к столу ротмистра.	https://t.me/bashkort_translate_bot
40	полкы	577	ложное срабатывание / формула	N13 ошибочно озвончает к в группе -лк: полгы вместо полкы	Ул арала тәүге төркөм татар атлыларын ҡасырға мәжбүр иткән Преображенский полкы ярҙамға килеп етте.	Подоспели на подмогу солдаты Преображенского полка, отбившие первую атаку татарской конницы.	https://t.me/bashkort_translate_bot
41	проф	559	сокращение / разметка	типичное энциклопедическое сокращение; нужно обрабатывать токенизатором или белым списком	Б.т.р.я. билдәләре 1893 й. Дания проф. В.Томсен тарафынан асыҡлана; ҡомартҡыларҙың тәүге тәржемәләрен 1894 й. В.В.Радлов эшләй.	Знаки Д.р.п. были расшифрованы в 1893 датским проф. В.Томсеном; первые переводы памятников осуществлены в 1894 В.В.Радловым.	bashkir encyclopedia
42	паркында	558	ложное срабатывание / формула	та же ошибка сохранения к в -рк	Король паркында быуа бар.	В королевском парке есть пруд.	https://t.me/bashkort_translate_bot
43	ғалимдары	549	ложное срабатывание / формула	та же неверная классификация ғалим: N02 вместо N01	Заманында, ана, беҙҙең яҡтарға Яурупа ғалимдары, ғәрәп сәйәхтәре килгән.	Приезжали к нам и арабские путешественники, и европейские ученые.	https://t.me/bashkort_translate_bot
44	лаб	524	сокращение / разметка	типичное энциклопедическое сокращение; нужно обрабатывать токенизатором или белым списком	1974—92 йй. «“Ағиҙел” башҡорт сәнғәт әйберҙәре кәсебе» ПБ-нда эшләй: 1976 й. тиклем һәм 1991 йылдан алып рәссам, 1976 й. — баш рәссам вазифаһын башҡара, 1988 й. — тәж.-художество лаб. нач., 1990 й. — баш рәссам.	В 1974–92 работала в ПО «Башкирские художественные промыслы “Агидель”»: до 1976 и с 1991 художник, с 1976 и.о. главный художника, с 1988 нач. экспериментально-худ. лаборатории, с 1990 главный художник.	bashkir encyclopedia
45	керҙәшлек	523	ложное срабатывание / формула	не покрыта продуктивная деривационная цепочка керҙәш+ле+к	Башҡортостандың Рус дәүләтенә ҡушылыуынан һуң керҙәшлек институты формалаша; тау заводтары, ҡала, ҡәлғә, монастырҙар төҙөү өсөн ерҙәрҙе тартып алыу башлана; алпауыт, крәҫтиәндәр, хеҙмәтле кешеләрҙең һәм халыҡтың башҡа категорияларының община-бүлем һәм шәхси (Крәҫтиән реформаһы һәм Столыпин аграр реформаһынан һуң) Е.ф. үҫеш ала.	С присоединением Башкортостана к России формируется институт припуска, происходит отчуждение земель под строительство горных заводов, городов, крепостей, монастырей, получает развитие общинно-надельное и индивидуальное (после Крестьянской реформы 1861 и Столыпинской аграрной реформы) З. помещиков, крестьян, служилых людей и др. категорий населения.	bashkir encyclopedia
46	урынлыҡ	508	ложное срабатывание / формула	не покрыта продуктивная деривация урын+лыҡ	Мин дә Гамбургҡа барам, ике урынлыҡ купеға ике билет алғайным.	Дело в том, что я тоже еду в Гамбург и взял два билета в двухместном купе.	https://t.me/bashkort_translate_bot
47	февр	503	сокращение / разметка	типичное энциклопедическое сокращение; нужно обрабатывать токенизатором или белым списком	Башҡорт әҙәбиәте һәм сәнғәте декадалары һәм көндәре Санкт-Петербургта (1964 й. 15— 22 июнендә, 1969 й. 6—10 окт., 2001 й. 3—10 июнендә), Мәскәүҙә (1987 й. 10—12 февр. һәм 1997 й. 19—24 майында); Украина ССР-ында (1970 й. 16—23 окт. һәм 1978 й. 19— 25 майында), Ҡаҙаҡ ССР-ында (1976 й. 15—22 окт.); ТАССР-ҙа (1960 й. 5—13 июнендә һәм 1989 й. 28 майы — 4 июнендә), Яҡут АССР-ында (1973 й. 20—27 июнендә һәм 1978 й. 19—26 июнендә), Сыуашстанда (1975 й. 25—30 майында һәм 2001 й. 15—17 окт.), Ҡарағалпаҡ АССР-ында (1976 й. 12—24 нояб.), Таулы Алтай авт. округында (1983 й. 31 июле — 6 авг.) һ.б., шулай уҡ Ҡурған, Пермь, Силәбе, Һарытау, Ырымбур өлк. һәм башҡорттар тупланып йәшәгән башҡа төбәктәрҙә (1960 й. алып); Истанбул ҡ. (2006 й. 2—5 июнендә) үткәрелә.	Декады и дни башкирской литературы и искусства состоялись в Санкт-Петербурге (15—22 июня 1964, 6—10 окт. 1969, 3—10 июня 2001), Москве (10—12 февр. 1987 и 19—24 мая 1997); Украинск. ССР (16—23 окт. 1970 и 19—25 мая 1978), Казахской ССР (15—22 окт. 1976); ТАССР (5—13 июня 1960 и 28 мая — 4 июня 1989), Якутской АССР (20—27 июня 1973 и 19—26 июня 1978), Чувашии (25—30 мая 1975 и 15—17 окт. 2001), Каракалпакской АССР (12—24 нояб. 1976), Горно-Алтайском авт. округе (31 июля — 6 авг. 1983) и др., а также в Курганской, Оренб., Пермской, Саратовской, Челяб. обл. и других регионах компактного проживания башкир (с 1960); г. Стамбул (2—5 июня 2006).	bashkir encyclopedia
48	нефтехимия	500	ложное срабатывание / покрытие словаря	нормативный современный термин, но основы нет в словаре	Әлеге көндә нефтехимия заводында инженер булып эшләй. Ҡатыны, ике балаһы менән дөйөм ятаҡта йәшәйҙәр.	Сейчас работает инженером на нефтехимическом заводе, живет с женой и двумя детьми в общежитии.	https://t.me/bashkort_translate_bot
49	дир	490	сокращение / разметка	типичное энциклопедическое сокращение; нужно обрабатывать токенизатором или белым списком	1994 йылдан алып саңғыла трамплиндан һикереү һәм саңғы буйынса икебәйге СДЮШОР-ының тренер-уҡытыусыһы, 2010 й. – 33-сө СДЮШОР дир. һәм бер үк ваҡытта БР йыйылма командаһының баш тренеры.	С 1994 тренер-преподаватель СДЮШОР по прыжкам на лыжах с трамплина и лыжному двоеборью, с 2010 дир. СДЮШОР №33 и одновременно главный тренер сборной команды РБ.	bashkir encyclopedia
50	муз	487	сокращение / разметка	типичное энциклопедическое сокращение; нужно обрабатывать токенизатором или белым списком	Районда ПУ, 18 дөйөм белем биреү мәктәбе (шул иҫәптән Бүздәк урта мәктәбе №1), 33 мәктәпкәсә белем биреү учреждениеһы, балалар муз. мәктәбе, балалар сәнғәт мәктәбе, Балалар ижады йорто, ДЮСШ, физкультура-һауыҡтырыу комплексы; үҙәк район дауаханаһы һәм 2 дөйөм практика табибы бүлеге, 42 фельдшер-акушерлыҡ пункты; 44 клуб учреждениеһы, 28 китапхана, тарих-тыуған яҡты өйрәнеү музейы бар.	В районе действуют Буздякский сельскохоз. колледж, 24 общеобразовательных школы, в том числе Буздякская средняя школа №1, 28 дошкольных образоват. учреждений, дет. муз. школа, дет. школа искусств, физкультурно-оздоровит. комплекс с бассейном; центральная районная больница и 2 отделения врача общей практики, 42 фельдшерско-акушерских пункта; 43 клубных учреждения, 20 библиотек, историко-краеведч. музей.	bashkir encyclopedia
51	фаразлана	469	ложное срабатывание / формула	не покрыта продуктивная цепочка фараз+ла+н+а	Ер тетрәп, аҫҡы ҡатламда, әллә нисәмә километр тәрәнлектә, ятҡан таштар өҫкә ҡалҡып сыҡҡан, тип фаразлана.	Предполагается, что камни поднялись на поверхность земли из глубины в несколько километров во время землетрясения.	https://t.me/bashkort_translate_bot
52	гәз	467	сокращение / разметка	типичное энциклопедическое сокращение; нужно обрабатывать токенизатором или белым списком	Редакция-нәшриәт институтында (Мәскәү, 1932), К.А.Тимирязев исемендәге Башҡорт педагогия институтында (1935—37) уҡыған. 1920 й. Һамар губерн. Диңгеҙбай а. уҡытыусы, 1926—27 йй. Ш.Хоҙайбирҙин исемендәге 1-се башҡорт мәктәпкәсә балалар йортоноң педагог-тәрбиәсеһе (Өфө), 1933—35 йй. Баймаҡ районы “Йылайыр” с-зының “Иген фабрикаһы” гәз. әҙәби хеҙмәткәре.	"Училась в Редакц.-издат. институте (Москва, 1932), Башкирском педагогическом институте имени К.А.Тимирязева (1935–37). В 1920 учитель в д. Денгизбаево Самарской губернии, в 1926–27 педагог-воспитатель баш. дошкольного дет. дома №1 имени Ш.Худайбердина (Уфа), в 1933–35 лит. сотрудник газеты “Иген фабрикаһы"" (“Зерновая фабрика"") с-за “Зилаирский"" Баймакского района."	bashkir encyclopedia
53	млрд	460	сокращение / разметка	типичное энциклопедическое сокращение; нужно обрабатывать токенизатором или белым списком	Бөтә Ер шарының үҫемлектәре йыл һайын 100 млрд т тирәһе органик матдә барлыҡҡа килтерә. Уларҙың энергияһы 1,8 1018кДж-ға (45 •1017 ккал) тигеҙ. Был саҡта улар 1,7	Зеленые растения земного шара образуют в год около 100 млрд. т органических веществ, содержащих около 1,8 1018 кДж (45 1017 ккал) энергии.	https://t.me/bashkort_translate_bot
54	шағирҙың	455	ложное срабатывание / формула	та же неверная классификация шағир: N06 вместо N05	Әллә шағирҙың һүҙҙәре делегаттарға ныҡ тәьҫир итте, әллә һәр береһе үҙенең башҡа милләттән булған таныш-белешен иҫенә төшөрҙө, әллә бөгөнгө хөрриәттең йоғонтоһо көслө булды, – Салихтың тәҡдиме ныҡ ҡаршылыҡтар менән булһа ла үтте.	То ли слова поэта оказали сильное впечатление на делегатов, то ли каждый подумал о своих соседях другой национальности, или был высок авторитет президиума, но предложение о равенстве Салиха хоть и с сопротивлением, но прошло.	https://t.me/bashkort_translate_bot
55	тарихына	446	ложное срабатывание / формула	та же неверная классификация тарих: N14 вместо N13	Ошондай уҡ бүленеште Вәлиди дөйөм төрк тарихына ла файҙалана.	Такое разделение применяет Валиди и в трудах по истории тюрков.	https://t.me/bashkort_translate_bot
56	окт	434	сокращение / разметка	типичное энциклопедическое сокращение; нужно обрабатывать токенизатором или белым списком	Башҡорт әҙәбиәте һәм сәнғәте декадалары һәм көндәре Санкт-Петербургта (1964 й. 15— 22 июнендә, 1969 й. 6—10 окт., 2001 й. 3—10 июнендә), Мәскәүҙә (1987 й. 10—12 февр. һәм 1997 й. 19—24 майында); Украина ССР-ында (1970 й. 16—23 окт. һәм 1978 й. 19— 25 майында), Ҡаҙаҡ ССР-ында (1976 й. 15—22 окт.); ТАССР-ҙа (1960 й. 5—13 июнендә һәм 1989 й. 28 майы — 4 июнендә), Яҡут АССР-ында (1973 й. 20—27 июнендә һәм 1978 й. 19—26 июнендә), Сыуашстанда (1975 й. 25—30 майында һәм 2001 й. 15—17 окт.), Ҡарағалпаҡ АССР-ында (1976 й. 12—24 нояб.), Таулы Алтай авт. округында (1983 й. 31 июле — 6 авг.) һ.б., шулай уҡ Ҡурған, Пермь, Силәбе, Һарытау, Ырымбур өлк. һәм башҡорттар тупланып йәшәгән башҡа төбәктәрҙә (1960 й. алып); Истанбул ҡ. (2006 й. 2—5 июнендә) үткәрелә.	Декады и дни башкирской литературы и искусства состоялись в Санкт-Петербурге (15—22 июня 1964, 6—10 окт. 1969, 3—10 июня 2001), Москве (10—12 февр. 1987 и 19—24 мая 1997); Украинск. ССР (16—23 окт. 1970 и 19—25 мая 1978), Казахской ССР (15—22 окт. 1976); ТАССР (5—13 июня 1960 и 28 мая — 4 июня 1989), Якутской АССР (20—27 июня 1973 и 19—26 июня 1978), Чувашии (25—30 мая 1975 и 15—17 окт. 2001), Каракалпакской АССР (12—24 нояб. 1976), Горно-Алтайском авт. округе (31 июля — 6 авг. 1983) и др., а также в Курганской, Оренб., Пермской, Саратовской, Челяб. обл. и других регионах компактного проживания башкир (с 1960); г. Стамбул (2—5 июня 2006).	bashkir encyclopedia
57	дән	425	не отдельное слово / токенизация	фрагмент окончания после числа, кавычек, дефиса или разрыва	Ә миңә теймәй, «Кәйҙерем»дән һалдырып тик йөрөйөм үҙен.	Лишь я могу называть его Торопыжкой, меня он не трогает.	https://t.me/bashkort_translate_bot
58	ком	411	смешанные причины	в корпусе встречается как междометие, сокращение и перенос слова	— Ком, ком!	— Комм, комм!	https://t.me/bashkort_translate_bot
59	төшөүе	395	ложное срабатывание / формула	отглагольное имя на -өү ошибочно получает округлённый N08; нужен N06	Аслан, ошоно иҫеңдән сығарма: сихыр менән шөғөлләнеүеңдең ипкене балаларыбыҙға ғына түгел, хатта тыуасаҡ ейән-ейәнсәрҙәребеҙгә төшөүе ихтимал.	Самое главное, помни: кара за твои занятия колдовством может пасть не только на наших детей, но даже на будущих внуков и правнуков.	https://t.me/bashkort_translate_bot
60	апр	394	ложное срабатывание / формула	нормативная форма в контексте; требуется отдельная проверка правила	Премьераһы 1969 й. 26 апр. БДОБТ-та үтә (Р.С.Янбулатова либреттоһы, дирижёры В.Д.Руттер, реж. Ш.М.Мортазина, ҡуйыусы рәссамы М.Н.Арыҫланов, хормейстеры Л.Х.Исхаҡова, балетм. Л.Е.Бородулин).	Премьера состоялась в БГТОиБ 26 апр. 1969 (либр. Р.С.Янбулатовой, дирижёр В.Д.Руттер, реж. Ш.М.Муртазина, сценограф М.Н.Арсланов, хормейстер Л.Х.Исхакова, балетм. Л.Е.Бородулин).	bashkir encyclopedia
61	див	381	сокращение / разметка	типичное энциклопедическое сокращение; нужно обрабатывать токенизатором или белым списком	1901—02 йй. Ырымбур—Ташкент тимер юлын төҙөүгә булышлыҡ итә, 1904 й. рус-япон һуғышында (1904—05) ҡатнашыу өсөн Ырымбур льготалы казак див. мобилизациялауҙы һәм ҡоралландырыуҙы ойоштора; революция (1905—07) ваҡытында 1905 й. дек. Ырымбурҙа ҡораллы күтәрелеш тоҡаныуға юл ҡуймай. 2-се дәрәжә Изге Анна, 2-се дәрәжә Изге Станислав орден менән бүләкләнгән.	В 1901—02 способствовал стр-ву ж.д. Оренбург—Ташкент, в 1904 организовал мобилизацию и снаряжение Оренб. льготной казачьей див. для участия в русско-японской войне 1904—05; во время революции 1905—07 в дек. 1905 предотвратил вооруж. восстание в Оренбурге. Награждён орденом Святой Анны 2-й ст., Св. Станислава 2-й степени.	bashkir encyclopedia
62	икәүһе	378	ложное срабатывание / формула	для собирательных числительных нет притяжательной формы -әү+һе	Бер Мәүлетҡоловтар ғына ундан ашыу, буғай. Нәҙерғоловтар – бишәү, икәүһе минең бабайымдар: Рәхмәтулла менән Зәйнулла.	Мавлеткуловых там больше десятка, Надергуловых – пятеро, двое из них – мои родные дяди Рахматулла и Зайнулла.	https://t.me/bashkort_translate_bot
63	средстволар	378	ошибка или иноязычная вставка корпуса	русский фрагмент внутри башкирской строки; расширять башкирскую морфологию не надо	Уның билдәләре: күпселек кешеләр һәм средстволар машиналар ҡулланылған сәнәғәткә йәлеп ителгән.	Его признаки: большинство людей и средств заняты в машинной промышленности.	https://t.me/bashkort_translate_bot
64	геол	374	сокращение / разметка	типичное энциклопедическое сокращение; нужно обрабатывать токенизатором или белым списком	Журнал биттәрендә фәнни тикшеренеүҙәр һөҙөмтәләре, геол. фәненең торошо, проблемалары, тенденциялары, Башҡортостан Республикаһында уның үҫеш мөмкинлектәре тураһында мәҡәләләр баҫыла.	На страницах журнала публикуются результаты научн. иссл., статьи о состоянии геол. науки, проблемах, тенденциях и перспективах её развития в РБ.	bashkir encyclopedia
65	реж	364	сокращение / разметка	типичное энциклопедическое сокращение; нужно обрабатывать токенизатором или белым списком	А. Ғәлина), «Патрокл», «Парис менән Елена», «Одиссей өйөнә ҡайта» (М. Мөхлисов, реж.	А. Галина), «Патрокл», «Парис и Елена», «Одиссей едет домой» (М. Мухлисов, реж.	https://t.me/bashkort_translate_bot
66	металдар	363	ложное срабатывание / формула	нет сокращения двойной л: металл+дар → металдар	Ә бындай урындарҙа, әгәр разлом актив булһа, радиоактив элементтар сығыусан, ауыр металдар ҡушылмалары бүленделәре һауаға таралыусан, кеше сәләмәтлегенә зарарлы геофизик һәм электромагнит аномалияларҙың булыуы бик ихтимал.	Ведь в таких местах, если разлом активен, повышается радиоактивность, выделяются соединения тяжелых металлов и весьма возможно наличие вредных для человеческого здоровья геофизических и электромагнитных аномалий.	https://t.me/bashkort_translate_bot
67	нояб	361	ложное срабатывание / формула	нормативная форма в контексте; требуется отдельная проверка правила	Башҡорт әҙәбиәте һәм сәнғәте декадалары һәм көндәре Санкт-Петербургта (1964 й. 15— 22 июнендә, 1969 й. 6—10 окт., 2001 й. 3—10 июнендә), Мәскәүҙә (1987 й. 10—12 февр. һәм 1997 й. 19—24 майында); Украина ССР-ында (1970 й. 16—23 окт. һәм 1978 й. 19— 25 майында), Ҡаҙаҡ ССР-ында (1976 й. 15—22 окт.); ТАССР-ҙа (1960 й. 5—13 июнендә һәм 1989 й. 28 майы — 4 июнендә), Яҡут АССР-ында (1973 й. 20—27 июнендә һәм 1978 й. 19—26 июнендә), Сыуашстанда (1975 й. 25—30 майында һәм 2001 й. 15—17 окт.), Ҡарағалпаҡ АССР-ында (1976 й. 12—24 нояб.), Таулы Алтай авт. округында (1983 й. 31 июле — 6 авг.) һ.б., шулай уҡ Ҡурған, Пермь, Силәбе, Һарытау, Ырымбур өлк. һәм башҡорттар тупланып йәшәгән башҡа төбәктәрҙә (1960 й. алып); Истанбул ҡ. (2006 й. 2—5 июнендә) үткәрелә.	Декады и дни башкирской литературы и искусства состоялись в Санкт-Петербурге (15—22 июня 1964, 6—10 окт. 1969, 3—10 июня 2001), Москве (10—12 февр. 1987 и 19—24 мая 1997); Украинск. ССР (16—23 окт. 1970 и 19—25 мая 1978), Казахской ССР (15—22 окт. 1976); ТАССР (5—13 июня 1960 и 28 мая — 4 июня 1989), Якутской АССР (20—27 июня 1973 и 19—26 июня 1978), Чувашии (25—30 мая 1975 и 15—17 окт. 2001), Каракалпакской АССР (12—24 нояб. 1976), Горно-Алтайском авт. округе (31 июля — 6 авг. 1983) и др., а также в Курганской, Оренб., Пермской, Саратовской, Челяб. обл. и других регионах компактного проживания башкир (с 1960); г. Стамбул (2—5 июня 2006).	bashkir encyclopedia
68	пед	340	ложное срабатывание / формула	нормативная форма в контексте; требуется отдельная проверка правила	Б.м. пед. репертуар ҙур урын алып тора: Ҡасимовтың скрипка өсөн 4 альбомы, В.А.Башенёв, В.Ф.Беляков, В.Г.Морозов, Р.Ғ.Рәхимов, Р.Ғ.Сәғәҙиева, Ф.К.Сәйфуллин, В.П.Суханов, С.М.Тюфяков, Р.Ю.Шәйхетдинов редакцияһында баян өсөн балалар пьесалары йыйынтыҡтары; баян һәм ҡурай, думбыра өсөн (икеһе лә — Б.П.Тевс эшкәртеүендә), ике баян, баян һәм аккордеон, жалейка, ҡумыҙ, урыҫ халыҡ ҡоралдары ансамбле өсөн пьесалар (бөтәһен дә — төҙөүсеһе В.Н.Линник).	Значит. место в Д.м. занимает пед. репертуар: 4 скрипичных альбома Касимова, сборники дет. пьес для баяна под редакцией В.А.Башенёва, В.Ф.Белякова, В.Г.Морозова, Р.Г.Рахимова, Р.Г.Сагадеевой, Ф.К.Сайфуллина, В.П.Суханова, С.М.Тюфякова, Р.Ю.Шайхутдинова; для баяна и курая, для домры (оба – переложения Б.П.Тевса); для двух баянов, для баяна и аккордеона, для жалеек, для кубыза, для ансамбля рус. нар. инструментов (все – сост. В.Н.Линник).	bashkir encyclopedia
69	тороуы	338	ложное срабатывание / формула	отглагольное имя на -оу ошибочно получает N07; нужен N05	Йәнәһе, батша тәхетенең шунса ваҡыт буш тороуы ил мәнфәғәттәренә зыян итә.	Якобы пустующий столько времени царский трон наносит вред интересам страны.	https://t.me/bashkort_translate_bot
70	төҙөүҙе	328	ложное срабатывание / формула	отглагольное имя на -өү ошибочно получает N08; нужен N06	Хөрлөк төҙөүҙе шунан башлау фарыз.	Вот с чего надо начинать строительство свободы.	https://t.me/bashkort_translate_bot
71	килограмға	322	ложное срабатывание / формула	нет сокращения двойной м: килограмм+ға → килограмға	Улар барыһы бергә ана шул килограмға яҡын тарта ине.	Это все как раз потянуло около килограмма.	https://t.me/bashkort_translate_bot
72	ҙең	304	не отдельное слово / токенизация	фрагмент окончания после числа, кавычек, дефиса или разрыва	Ә бына шул «динһеҙҙәр»ҙең берәүһе йәш ҡасҡындың дуҫы һәм юлдашы булып китте.	Так один из «неверных» стал другом и спутником юного беглеца.	https://t.me/bashkort_translate_bot
73	нефтехим	301	сокращение / разметка	типичное энциклопедическое сокращение; нужно обрабатывать токенизатором или белым списком	21 б. башындағы инновацион ҡаҙаныштар юғары театралы азотлау нигеҙендә термик һәм химик-термик эшкәртеү технологияһы (“Автонормаль” ААЙ һәм “Өфө электротехника изделиелары заводы” ФДУП-ы), микроэлектроника һәм телекоммуникациялар (“Полигон” ҒПП ААЙ), хирургик офтальмология (аллоплант) өлкәһендә, газ турбиналы двигателдәр (Өфө моторҙар эшләү производство берекмәһе), төп винты күсәрҙәш схемалы вертолёттар (Күмертау авиация производство предприятиеһы), күбекләнеүсе полистирол (“Газпром нефтехим Салават” ААЙ), нефть һурҙырыу станцияһы резервуар паркының автоматика системаһы (Өфө приборҙар эшләү производство берекмәһе), күгән менән тоташтырылған троллейбус һәм коляскалы инвалидтарға йөрөргә мөмкинлек биргән түбән иҙәнле баҫҡысһыҙ троллейбустар (Башҡортостан троллейбус заводы ААЙ) эшләүҙә һ.б. күҙәтелә.	"Инновац. достижения нач. 21 в. наблюдаются в области технологии термич. и хим.-термической обработки на основе высокотемпературного азотирования (ОАО ""Автонормаль"" и ФГУП ""Уфимский завод электротехнических изделий""), микроэлектроники и телекоммуникации (ОАО НПП ""Полигон""), хирург. офтальмологии (аллоплант), в создании газотурбинных двигателей (УМПО), вертолетов с соосной схемой несущего винта (КумАПП), вспенивающегося полистирола (ОАО ""Газпром нефтехим Салават""), системы автоматики резервуарного парка нефтеперекачивающей станции (УППО), шарнирно-сочленённого троллейбуса и троллейбуса с низким уровнем пола без ступеней, позволяющего перевозить инвалидов-колясочников (ОАО ""Башкирский троллейбусный завод"") и др."	bashkir encyclopedia
74	ҡсб	298	сокращение / разметка	типичное энциклопедическое сокращение; нужно обрабатывать токенизатором или белым списком	ГАРМС Светлана Александровна (27.2.1935, БАССР-ҙың Ишембай ҡсб, хәҙерге Ишембай ҡ., – 18.9.1956, Мәскәү, Өфөлә ерләнгән), спортсы.	ГАРМС Светлана Александровна (27.2.1935, рп Ишимбай БАССР, ныне г. Ишимбай, — 18.9.1956, Москва, похоронена в Уфе), спортсменка.	bashkir encyclopedia
75	биол	294	сокращение / разметка	типичное энциклопедическое сокращение; нужно обрабатывать токенизатором или белым списком	1884 й. И.б.д.у. Оло Илья урамындағы үҙенең 2 ҡатлы таш бинаһында (хәҙерге БДУ-ның биол. факультеты бинаһы) урынлаша, ул Синод аҡсаһына архитектор К.Н.Кодрунцев проекты буйынса төҙөлгән (3-сө ҡаты 20 б. 30-сы йй. өҫтәп һалына); архитектура ҡомартҡыһы булып тора.	С 1884 Д.м.у. располагалось в собств. кам. 2-этажном здании по ул.Б.Ильинской (ныне здание биол. факультета БГУ; ул.З.Валиди, 32), построенном на средства Синода по проекту арх. К.Н.Кодрунцева (3-й этаж был надстроен в 30-е гг. 20 в.); является памятником архитектуры.	bashkir encyclopedia
76	берәүһе	293	ложное срабатывание / формула	для собирательных числительных нет притяжательной формы -әү+һе	Бында өсәүҙәр икән, икәүһе – Татарстандан, берәүһе – Башҡортостандан, Ҡандранан, тиме.	Оказывается, среди прибывших солдат трое – татары, двое из них из Татарстана, один – из Кандров, из Башкортостана.	https://t.me/bashkort_translate_bot
77	средстволары	290	ошибка или иноязычная вставка корпуса	русский фрагмент внутри башкирской строки; расширять башкирскую морфологию не надо	№ 13, Омск, 16 октябрь. Финанс средстволары етешмәүе сәбәпле, артабан мобилизация үткәреү туҡтатыла.	№ 13, Омск, 16 октября По причине недостатка финансовых средств проведение мобилизации остановлено.	https://t.me/bashkort_translate_bot
78	нда	289	не отдельное слово / токенизация	фрагмент окончания после числа, кавычек, дефиса или разрыва	Ә «Ирҙәр советы»нда хәтәр етди һөйләшеү булған.	А на «совете мужчин» разговор состоялся очень серьезный.	https://t.me/bashkort_translate_bot
79	тороуын	288	ложное срабатывание / формула	отглагольное имя на -оу ошибочно получает N07; нужен N05	Шунан ни фельдшер һуғышта ҡатнашыуын, хәрби госпиталдә көнө-төнө операция өҫтәле артында баҫып тороуын, аяҡ өҫтө йоҡлап китмәҫ өсөн тәмәке тартырға мәжбүр булыуын һөйләп алды.	Фельдшер был вынужден рассказать, как во время войны в военном госпитале сутками приходилось стоять за операционным столом и постоянно курить, чтобы не уснуть на ногах.	https://t.me/bashkort_translate_bot
80	партнерлыҡ	270	ложное срабатывание / формула	не покрыта продуктивная деривация партнер+лыҡ	"""Сомали - күп яҡлы партнерлыҡ уңышының яҡшы өлгөһө"", - тине кесе йома БМО-ның Генераль Ассамблеяһы президенты Мөхәммәд Абдулла Мөхәмәд. Шулай булыуға ҡарамаҫтан, Африкалағы Рог әле булһа халыҡ-ара һәм төбәк ярҙамына һәм хеҙмәттәшлегенә мохтаж, бигерәк тә Аш-Шабабҡа ҡаршы тороу өсөн, тип таныны ул."	"""Сомали - хороший пример успеха многостороннего партнерства"", - сказал президент Мохаммед Абдулла Мохамед генеральной ассамблее ООН в четверг. Тем не менее, он признал, что Африканский Рог все еще нуждается в международной и региональной поддержке и сотрудничестве, особенно для того, чтобы противостоять Аш-Шабаб."	1000 sentences
81	тиһең	266	ложное срабатывание / формула	нерегулярная парадигма ти не описана	Беҙҙе, дүрт ҡатынды, тағы, ана, ҡыҙ баланы һин юҡта кем һаҡланы тиһең?	Кто, по-твоему, охранял нас, четырех женщин да девочку, пока тебя не было?	https://t.me/bashkort_translate_bot
82	нындағы	263	не отдельное слово / токенизация	фрагмент окончания после числа, кавычек, дефиса или разрыва	Запасҡа сыҡҡандан һуң (1945) БАССР ЭЭМ органдарында хеҙмәт итә, БАССР‑ҙың Фёдоровка р‑нындағы “Салауат”, А.С.Пушкин исемендәге к‑здарҙа рәйес, Бала Сытырман а/с рәйесе булып эшләй.	После увольнения в запас (1945) служил в органах МВД БАССР, затем работал пред. колхозов “Салават”, имени А.С. Пушкина, пред. Бала‑Четырманского сельского совета Фёдоровского р‑на БАССР. Награждён орденом	bashkir encyclopedia
83	эҙҙәре	262	ложное срабатывание / формула	эҙ ошибочно N05; нужна мягкая парадигма N06	Ә тәрәнгәрәк төшһәң, тарихтың иң төпкө ҡатламдарында ла табыла башҡорт эҙҙәре.	А если копнуть глубже, следы башкир можно обнаружить и в самых глубоких пластах истории.	https://t.me/bashkort_translate_bot
84	матем	258	ложное срабатывание / формула	нормативная форма в контексте; требуется отдельная проверка правила	1864 й. Уставҡа ярашлы, классик һәм реаль (боронғо телдәрһеҙ, әммә ҙур күләмдә тәбиғәт белеме фәне менән) Г., шул уҡ прогимназиялар ойошторола. 1871 й. классик Г. (8 йыллыҡ уҡытыу курсы менән 7 класлы) берҙән-бер тип була, уның уҡыу программаһына грек, латин, немец һәм француз теле, урыҫ әҙәбиәте, тарих, география, матем., физика, закон ғилеме, филос., сәйәси иҡт., коммерция ф. башланғыс курстары, статистика, “нәфис фәндәр”, рәсем, “евангелистарҙан уҡыу”, Хоҙай Ҡануны, изге һәм сиркәү тарихтары (1828 йылдан алып) һ.б. индерелә; 1819 й. тиклем сәйәси иҡт., коммерция ф., “нәфис фәндәр” уҡытыла.	"Уставом от 1864 были учреждены Г. классич. и реальные (без древних яз., но с естествознанием в большем объёме), а также прогимназии. С 1871 единственным типом Г. стала классич. (7 кл. с 8-летним курсом обучения), в учебную программу которой входили греч., лат., нем. и франц. языки, рус. словесность, история, география, математика, физика, законоведение, нач. курсы философии, полит. экономии, коммерч. наук, статистика, “изящные науки"", рисование, “чтения из евангелистов"", Закон Божий, священная и церк. истории (с 1828) и др.; до 1819 преподавались полит. экономия, коммерч. науки, “изящные науки""."	bashkir encyclopedia
85	мәғлүмәти	258	ложное срабатывание / покрытие словаря	нормативный современный термин, но основы нет в словаре	АСК-ның өсөнсө быуыны – ауыл хужалығы продукцияһын әҙерләү, ташыу һәм һаҡлау, агрохимия һәм ветеринария хеҙмәте күрһәтеү, фәнни һәм мәғлүмәти тәьмин итеү, тармаҡ өсөн белгестәр әҙерләү.	Третье звено АПК – заготовка, транспортировка и хранение сельскохозяйственной продукции, агрохимическое и ветеринарное обслуживание, научное и информационное обеспечение, подготовка кадров для АПК.	https://t.me/bashkort_translate_bot
86	шағирҙар	258	ложное срабатывание / формула	та же неверная классификация шағир: N06 вместо N05	Бында уның хөкүмәтенә ҡаршы баш күтәргән поляк офицерҙары һөрөлгән, бунтарь рухлы шағирҙар, рәссамдар, композиторҙар ебәрелгән.	Сюда ссылали мятежных поляков, неблагонадежных, склонных к бунтарству поэтов, художников, музыкантов.	https://t.me/bashkort_translate_bot
87	терр	257	сокращение / разметка	типичное энциклопедическое сокращение; нужно обрабатывать токенизатором или белым списком	Хәҙерге И.т. терр. диалекттары күп: Бөйөк Британияла — шотланд диалекты, төньяҡ, үҙәк, көньяҡ һәм көньяҡ-көнбайыш диалект төркөмдәре; АҠШ-та — көнсығыш-инглиз, урта атлантик (үҙәк), көньяҡ-көнсығыш, урта көнбайыш төркөмдәре.	Совр. А.я. имеет большое количество терр. диалектов: в Великобритании – шотл., группа сев., центр., юж. и юго-зап. диалектов; в США – вост.-англ., ср.-атлантич. (центр.), юго-вост., ср.-зап. группы.	bashkir encyclopedia
88	диам	253	сокращение / разметка	типичное энциклопедическое сокращение; нужно обрабатывать токенизатором или белым списком	Ер өҫтөндә төҙөлгән тура мөйөшлө 2 торлаҡ (21х24 м), иретеү мейестәренең нигеҙҙәре һаҡланған балсыҡ ҡатыш майҙансыҡтар (диам. 1 м), хужалыҡ соҡорҙары табылған.	Выявлены 2 наземных жилища (21x24 м) прямоугольной формы, глинобитные площадки (диам. 1 м) с основаниями плавильных печей, хоз. ямы.	bashkir encyclopedia
89	фаразлай	249	ложное срабатывание / формула	не покрыта продуктивная цепочка фараз+ла+й	Уны һәр кем үҙенсә көтә, фаразлай, әҙерләнә – үҙ аҡылы, иманы, холҡо кимәлендә.	Каждый ждет и представляет его по-своему, готовится к нему – согласно своему разуму, вере и воспитанию.	https://t.me/bashkort_translate_bot
90	иткес	244	ложное срабатывание / формула	нормативное аналитическое хәл иткес; форма от ит не покрыта	Ошо хәл иткес мәлдә Әшрәф ҡайтанан төтөнһөҙ-ниһеҙ шартлап янып ултырған өй эсенә ташланды.	В эту решающую минуту Ашраф вновь бросился внутрь дома, полностью охваченного пламенем.	https://t.me/bashkort_translate_bot
91	боҙолоуы	234	ложное срабатывание / формула	отглагольное имя на -оу ошибочно получает N07; нужен N05	Был ярашлылыҡтың боҙолоуы общинасылар араһында бәхәс тыуҙырған.	Нарушение данного соответствия приводило к спорам между общинниками.	https://t.me/bashkort_translate_bot
92	тиһеңме	233	ложное срабатывание / формула	нерегулярная форма тиһең плюс вопросительная частица не описана	Әллә Сыңғыҙҙы кемгәлер күҙ һалғаны өсөн туҡмағандар тиһеңме, эскеселектәренә, аҙғынлыҡтарына ҡаршы төшөргә ниәтләнгән ул – шул сәбәбе.	Думаешь, Чингиза избили за то, что он глаз на кого-то положил? Он попытался пресечь их пьянство, распутство – вот в чем дело.	https://t.me/bashkort_translate_bot
93	каф	232	сокращение / разметка	типичное энциклопедическое сокращение; нужно обрабатывать токенизатором или белым списком	1987 й. алып Башҡортостан мәғарифты үҫтереү институтында башҡорт теле һәм әҙәбиәте каф., 2004—10 йй. донъя һәм милли мәҙәниәттәр кафедра мөдире.	С 1987 заведующий кафедрой баш. яз. и литературы, в 2004–10 – мировой и национальной культуры БИРО.	bashkir encyclopedia
94	мәҫ	231	сокращение / разметка	типичное энциклопедическое сокращение; нужно обрабатывать токенизатором или белым списком	Әгәр 3 тышҡы тәьҫирҙәр хәүеф килтерһә (мәҫ., һыу һаҡлағысы төҙөгәндә һыу баҫыу), унда тәбиғәтте һаҡлап, уға ярҙам итеү эштәре генә алып барыу рөхсәт ителә, әлбиттә, экономик табыш алыу маҡсат итеп ҡуйылмай.	В 3. разрешаются лишь мероприятия по поддержанию его природы, если ей угрожают внешние воздействия (напр., подтопление при строительстве водохранилища), как правило, без извлечения от этих мероприятий экономической выгоды.	https://t.me/bashkort_translate_bot
95	ндә	226	не отдельное слово / токенизация	фрагмент окончания после числа, кавычек, дефиса или разрыва	«Бөрйән, ҡыпсаҡ, үҫәргән, тамъян башҡорттарының шәжәрәһе»ндә ошо хаҡта: «Жирларемез һәм динларемез илә айрә языб, ислам динендә булған башҡырт жәмағәтләрен аслан ғәйре дингә көсламәскә ғәһед вә йәмин идеб (ант итеп), һәм безлар руғ-әнсабларемез ихласлы хезмәтләр ҡылмаҡ өчен, указнамәләр төзеб, араларымызда мәүжүд булған шартларымызға бер-беремездан алынмыш бадбичнамәларыбыз Ҡазан шәһәрендә дәфтәргә язылмышдыр», – тип әйтелгән.	В «Шежере бурзянских, кипчакских, усерганских, тамъянских башкир» сказано: «Составили указную грамоту, в которой особо написали о наших землях и религии, дали слово и поклялись башкир, исповедующих ислам, никогда не насиловать в другую религию, и чтобы мы, роды, стали нести искреннюю службу; согласившись на эти оговоренные между нами условия, взяв друг у друга подписи, нашу грамоту в городе Казани записали в книгу».	https://t.me/bashkort_translate_bot
96	тергеҙелә	221	ложное срабатывание / формула	нет продуктивной пассивной цепочки тергеҙ+ел+ә / производной основы	Гарнизон хеҙмәте гарнизон уставына яраҡлы алып барыла, журналға бөтә яңылыҡтар тергеҙелә.	В приказе далее сообщалось, что гарнизонная служба ведется согласно уставу гарнизона, все новости регистрируются в журнале.	https://t.me/bashkort_translate_bot
97	паркын	219	ложное срабатывание / формула	та же ошибка сохранения к в -рк	Ә хәҙер бер түгел, өс баш ҡаланы, өс король һарайын, өс король паркын күрәсәк!	А теперь увидит целых три столицы, три королевских дворца и три королевских парка!	https://t.me/bashkort_translate_bot
98	орд	217	сокращение / разметка	типичное энциклопедическое сокращение; нужно обрабатывать токенизатором или белым списком	1-се (2006) һәм 2-се (1998) дәрәжә “Ватан алдында күрһәткән хеҙмәттәре өсөн” орд. миҙалдары, Халыҡтар дуҫлығы (2004), Салауат Юлаев (2016) орд. менән бүләкләнгән.	Награждён медалями ордена “За заслуги перед Отечеством” 1-й (2006) и 2-й (1998) ст., орд. Дружбы народов (2004), Салавата Юлаева (2016).	bashkir encyclopedia
99	йөрөүе	216	ложное срабатывание / формула	отглагольное имя на -өү ошибочно получает N08; нужен N06	Ысыны ул Миләүшәне ярата, ике арала башы буталып йөрөүе.	На самом деле он любит Миляушу, только никак не может разобраться.	https://t.me/bashkort_translate_bot
100	табиптары	214	ложное срабатывание / формула	та же неверная классификация табип: N14 вместо N13	Санэпидемстанция табиптары, нотариус, журналистар, мәктәп һәм юғары уҡыу йорто уҡытыусылары, район судьяһы, эреле-ваҡлы түрә-ҡара – кемдәр генә ярҙам һорап килмәне.	Судьи, нотариусы, врачи, журналисты, преподаватели вузов и учителя, чиновники и начальники – кто только не стучался в дверь их квартиры!	https://t.me/bashkort_translate_bot
