word	source_pages
а-лым	gram/fonomorph/fonproc.htm
а-пп-аҡ	gram/fonomorph/zvizmprired.htm
а-ты	gram/zvuk/slog.htm
а-ғыраҡ	gram/zvuk/slog.htm
а-ҙаш	gram/fonomorph/fonproc.htm
аб-ын	gram/morphol/glagol/vnutriglaol.htm
австралиец	gram/alfavit/princpisma.htm
австралиялы	gram/alfavit/princpisma.htm
адаҡ	gram/zvuk/sredneyaz.htm
азад	gram/morphol/suchestv/affik.htm
айаҡ	gram/zvuk/sredneyaz.htm
айн	gram/morphol/mejdomet/mejdomet.htm
айыу-ҙай	gram/zvuk/izmen.htm
айыубалан	gram/morphol/suchestv/parsych.htm
акил	gram/morphol/suchestv/affik.htm
активно	gram/syntax/predlojenie/tipypredl/slojnpredl/slojnpodchpred/pridatpodlej.htm
актовый	gram/morphol/prilag/zaimaffi.htm
ал-ды	gram/zvuk/slog.htm
ал-ма	gram/zvuk/slog.htm
ал-ма-й	gram/fonomorph/fonproc.htm
ал-ты	gram/zvuk/slog.htm
ал-ын	gram/morphol/glagol/stradzalog.htm
алаңҡуһар	gram/morphol/prilag/neprodaffi.htm
алд	gram/morphol/vvodzam.htm;gram/zvuk/per.htm
алда-н	gram/morphol/glagol/stradzalog.htm
алдымығыҙ	gram/zvuk/izmen.htm
алдын-ғы	gram/zvuk/izmen.htm
алдыниһәң	gram/morphol/glagol/naklonuslov.htm;gram/syntax/predlojenie/skazuem.htm
алдыңғы	gram/zvuk/izmen.htm
алйырыш	gram/morphol/glagol/obrslojgl.htm
алттау	gram/morphol/chislit/kolchslit.htm
алтун	gram/zvuk/glzr.htm
алтымыш	gram/morphol/chislit/obchchar1.htm
алыб	gram/zvuk/sog.htm
алыу-ға	gram/morphol/vvodzam.htm
аль	gram/morphol/prilag/nulaffi.htm
алғаммын	gram/zvuk/izmen.htm
алған-быҙ	gram/fonomorph/fonproc.htm
алғышарт	gram/morphol/suchestv/parsych.htm
алҡы-һалҡы	gram/alfavit/princpisma.htm
амп	gram/alfavit/princpisma.htm
амты	gram/zvuk/glpr.htm
амыҡ	gram/morphol/prilag/maloprodaffi.htm
анламаным	gram/zvuk/udar.htm
антай	gram/zvuk/izmen.htm
ап-ары	gram/morphol/narechie/sravnitstepen.htm
ап-аҙ	gram/morphol/narechie/sravnitstepen.htm
апан	gram/zvuk/gubn.htm
аппаҡ	gram/zvuk/udar.htm
ар-ты	gram/zvuk/slog.htm
ара-тира	gram/morphol/narechie/slovosloj.htm
араҡ	gram/syntax/predlojenie/skazuem.htm
аркылы	gram/morphol/poslelogi/obchchar.htm
арла	gram/morphol/vvodzam.htm
артис-ы	gram/alfavit/princpisma.htm;gram/fonomorph/fonproc.htm;gram/zvuk/slog.htm
артискаһы	gram/syntax/predlojenie/tipypredl/slojnpredl/period.htm
ары-м-тал	gram/morphol/vvodzam7.htm
арҙансылыҡ	gram/morphol/suchestv/affik.htm
ас-һаң	gram/zvuk/izmen.htm
асаҡ	gram/alfavit/princpisma.htm;gram/morphol/glagol/naklonsoslag.htm;gram/morphol/glagol/prichbudvr.htm
асфалътһеҙ	gram/morphol/prilag/prodaffi.htm
атайман	gram/morphol/poslelogi/obchchar.htm
атка	gram/syntax/predlojenie/tipypredl/slojnpredl/bessouzslojnosochpredl.htm
аумаһыр	gram/morphol/prilag/maloprodaffi.htm
аумәһәр	gram/morphol/prilag/maloprodaffi.htm
африканец	gram/syntax/predlojenie/odnorpodlej.htm
афф	gram/morphol/suchestv/grammkatsych/vinpadez.htm
аша-т	gram/fonomorph/fonproc.htm
ашаб	gram/zvuk/gubn2.htm
ашуҡ	gram/zvuk/glzr.htm
ағ-ар	gram/fonomorph/fonproc.htm
ағ-ыл-йым	gram/morphol/prilag/formyusil.htm
ағ-ыраҡ	gram/alfavit/sovbashalf.htm
ағайың-дыҡы	gram/morphol/suchestv/grammkatsych/katprinad.htm
ағас-м-ағас	gram/fonomorph/zvizmprired.htm
ағасъянаҡ	gram/morphol/suchestv/parsych.htm
ағач	gram/zvuk/per.htm
аҙыҡтамыр	gram/zvuk/udar.htm
аҡа	gram/morphol/prilag/slojaffi.htm
аҡса-лата	gram/fonomorph/fonproc.htm
аҡшин	gram/morphol/prilag/formyusil.htm
аҡыл-лы	gram/fonomorph/fonproc.htm
аң-белем-ле	gram/morphol/vvodzam.htm
аңа	gram/morphol/mestoim/ukazmestoim.htm
аңлашмаусылыҡ	gram/morphol/suchestv/affik.htm
аһхтамал	gram/zvuk/farin1.htm
бЕренсе	gram/zvuk/udar.htm
ба-ла-лар-ҙы-ҡы	gram/zvuk/udar.htm
бабуа	gram/zvuk/gubn.htm
бадруҡ	gram/zvuk/sredneyaz.htm
бай-ы	gram/zvuk/zv1.html
бай-ҙы	gram/fonomorph/fonproc.htm
байтом	gram/morphol/narechie/kornevye.htm
байуҡ	gram/morphol/narechie/slovosloj.htm
бал-ды	gram/fonomorph/fonproc.htm
балА	gram/zvuk/udar.htm
бала-лар-ым-ды	gram/morphol/vvodzam.htm
бала-лар-ҙы	gram/morphol/suchestv/grammkatsych/chislo.htm
бала-лыр	gram/fonomorph/fonproc.htm
бала-ның	gram/fonomorph/fonproc.htm
балалАр	gram/zvuk/udar.htm
балаларғА	gram/zvuk/udar.htm
баламһыҙ	gram/morphol/suchestv/grammkatsych/katskaz.htm
балки	gram/morphol/modslova/modslovagipotet.htm
балман	gram/morphol/poslelogi/obchchar.htm
балығ	gram/zvuk/zadneyaz.htm
бальнис	gram/zvuk/sog2.htm
бальнитса	gram/zvuk/sog2.htm
балҡалаҡ	gram/morphol/suchestv/parsych.htm
банк-ы-ға	gram/alfavit/princpisma.htm
бар-а-м	gram/fonomorph/fonproc.htm
бар-асаҡ	gram/fonomorph/fonproc.htm
бар-гас	gram/fonomorph/fonproc.htm
бар-ма	gram/fonomorph/fonproc.htm
бар-ма-й	gram/zvuk/slog.htm
бар-ма-ғым	gram/fonomorph/fonproc.htm;gram/zvuk/slog.htm
бар-маҡ	gram/zvuk/slog.htm
бар-ыш	gram/fonomorph/fonproc.htm
бар-ғанһың	gram/fonomorph/fonproc.htm
бар-ҙы	gram/fonomorph/fonproc.htm;gram/zvuk/izmen.htm
бар-ҙым	gram/fonomorph/fonproc.htm
бар-ҙың	gram/fonomorph/fonproc.htm
бар-һа-м	gram/morphol/vvodzam.htm
барма-й-асаҡ	gram/zvuk/sredneyaz.htm
бармалы	gram/morphol/modslova/modslutvotrits.htm
бару	gram/zvuk/glzr.htm
барғантыр	gram/zvuk/izmen.htm
барҡ	gram/morphol/podrajslova/structpodrsl.htm
бау-ҙы	gram/fonomorph/fonproc.htm
бауай	gram/alfavit/princpisma.htm
баш-шыҙ	gram/zvuk/izmen.htm
баш-ы-н-да	gram/fonomorph/fonproc.htm;gram/morphol/suchestv/grammkatsych/katopred.htm
башваткыс	gram/morphol/suchestv/parsych.htm
башка	gram/morphol/poslelogi/obchchar.htm
башкирские	gram/syntax/predlojenie/tipypredl/slojnpredl/slojnpodchpred/pridatpodlej.htm
башла-н	gram/morphol/glagol/stradzalog.htm;gram/morphol/vvodzam.htm
башлан-ғыс	gram/morphol/vvodzam.htm
баҫ-ынҡы	gram/fonomorph/fonproc.htm
бедүк	gram/zvuk/sredneyaz.htm
без-з	gram/morphol/podrajslova/structpodrsl.htm
белеү-ҙең	gram/fonomorph/fonproc.htm
беләүташ	gram/morphol/suchestv/parsych.htm
бензиндә	gram/syntax/predlojenie/dopolnenie.htm
бер-гә	gram/fonomorph/fonproc.htm
беркөнлөк	gram/morphol/suchestv/affik.htm
беррәү	gram/morphol/chislit/kolchslit.htm
берәү-ҙәр	gram/fonomorph/fonproc.htm
беседа	gram/morphol/poslelogi/posleloguprosnpad.htm
бесперебойный	gram/morphol/prilag/prodaffi.htm
беҙ-гә	gram/zvuk/slog.htm
беҙ-ҙе	gram/zvuk/slog.htm
беҙ-ҙең	gram/zvuk/zadneyaz.htm
беҙҙец	gram/morphol/suchestv/grammkatsych/datpadez.htm
би-шен-се	gram/zvuk/slog.htm
биг-ерәк	gram/zvuk/sog.htm
биз	gram/zvuk/per.htm
билан	gram/morphol/poslelogi/obchchar.htm
бирәклә	gram/morphol/glagol/affiks.htm
бишләгән	gram/morphol/chislit/pribchslit.htm
бишшәү	gram/morphol/chislit/kolchslit.htm
борононда	gram/morphol/vvodzam.htm
бороться	gram/morphol/glagol/vzaimzalog.htm
бороңғо	gram/zvuk/per.htm;gram/zvuk/zadneyaz.htm
боршоҡ	gram/morphol/prilag/maloprodaffi.htm
боҙ-ҙоң	gram/zvuk/izmen.htm
бракҡа	gram/morphol/glagol/obrslojgl.htm
брат	gram/morphol/glagol/obchchar.htm
братва	gram/morphol/glagol/obchchar.htm
братец	gram/morphol/glagol/obchchar.htm
братик	gram/morphol/glagol/obchchar.htm
брошюровать	gram/morphol/glagol/affiks.htm
бу-ға	gram/zvuk/slog.htm
буаҙ	gram/zvuk/glzr.htm
бузағ	gram/zvuk/glzr.htm
булан	gram/morphol/poslelogi/obchchar.htm
буралҡының	gram/morphol/mestoim/voprmestoim.htm
бурағ	gram/zvuk/glzr.htm
бушһа	gram/syntax/slovosochet/narechslovosoch.htm
буғ	gram/zvuk/zv1.html
буғдай	gram/zvuk/sredneyaz.htm
бы-н-да	gram/fonomorph/fonproc.htm
бы-уа	gram/zvuk/slog.htm
бызыр	gram/morphol/podrajslova/structpodrsl.htm
бый	gram/morphol/prilag/maloprodaffi.htm
быйыл-ғы	gram/morphol/vvodzam.htm
было	gram/syntax/predlojenie/tipypredl/slojnpredl/slojnpodchpred/pridatpodlej.htm
быҙ	algram/such.htm;gram/fonomorph/fonproc.htm;gram/morphol/suchestv/grammkatsych/katprinad.htm;gram/morphol/suchestv/grammkatsych/katskaz.htm
быҙаү	gram/syntax/svyazislov/primykimenn.htm
бың	gram/zvuk/glpr2.htm;gram/zvuk/glzr.htm
бэх	gram/morphol/narechie/lexsostav.htm
бүр	gram/alfavit/princpisma.htm;gram/zvuk/slog.htm
бүрес	gram/morphol/prilag/maloprodaffi.htm
бүрк	gram/alfavit/princpisma.htm;gram/zvuk/glpr.htm;gram/zvuk/sog.htm
бәләсәйе	gram/syntax/svyazislov/sochinsvyaz.htm
бәркән	algram/obchie.htm
бәхетлЕһең	gram/zvuk/udar.htm
бөвүр	gram/zvuk/glpr3.htm
бөг-өл	gram/fonomorph/fonproc.htm
бөгөн-гө	gram/morphol/vvodzam.htm;gram/zvuk/izmen.htm
бөгөңгө	gram/zvuk/izmen.htm
бөкөрәй	gram/morphol/glagol/ponudzalog.htm
бөкөрәйт	gram/morphol/glagol/ponudzalog.htm
бөҙ	gram/morphol/prilag/maloprodaffi.htm;gram/morphol/suchestv/grammkatsych/katprinad.htm;gram/morphol/suchestv/grammkatsych/katskaz.htm
вагон-баня	gram/syntax/predlojenie/prilojenie.htm
вай-ваай	gram/morphol/mejdomet/mejdomet.htm
вағ	gram/zvuk/sog.htm
вертеться	gram/morphol/prilag/maloprodaffi.htm
взял	gram/morphol/glagol/vremyaproshednady.htm
видно	gram/syntax/predlojenie/tipypredl/slojnpredl/slojnpodchpred/pridatpodlej.htm
власкә	gram/syntax/slovosochet/imenslovosoch.htm
войне	gram/syntax/predlojenie/tipypredl/slojnpredl/slojnpodchpred/pridatpodlej.htm
восемьдесят	gram/morphol/chislit/obchchar.htm
всему	gram/syntax/predlojenie/tipypredl/slojnpredl/slojnpodchpred/pridatpodlej.htm
вспомнила	gram/syntax/predlojenie/tipypredl/slojnpredl/slojnpodchpred/pridatpodlej.htm
вәлүк	gram/alfavit/princpisma.htm
гадар	gram/morphol/poslelogi/obchchar.htm
гастинитса	gram/zvuk/sog2.htm
гастинитсы	gram/zvuk/sog2.htm
гелә	gram/morphol/glagol/katotritc.htm;gram/morphol/glagol/vnutriglaol.htm
генткн	gram/morphol/narechie/lexsostav.htm
герҙәрен	gram/syntax/predlojenie/odnorobstoyat.htm
гес	gram/morphol/prilag/prodaffi.htm;gram/morphol/suchestv/affik.htm
геше	gram/alfavit/princpisma.htm;gram/zvuk/sog.htm;gram/zvuk/zadneyaz.htm
геҙ	gram/fonomorph/fonproc.htm;gram/morphol/glagol/naklonpovel.htm;gram/morphol/glagol/naklonuslov.htm;gram/morphol/suchestv/grammkatsych/katprinad.htm
гиби	gram/morphol/poslelogi/obchchar.htm
гитап	gram/zvuk/sog.htm
главнее	gram/morphol/glagol/obchchar.htm
главнейший	gram/morphol/glagol/obchchar.htm
главный	gram/morphol/glagol/obchchar.htm
гласным	gram/morphol/glagol/vremyanast.htm
глубокий	gram/zvuk/zv1.html
голова	gram/morphol/prilag/maloprodaffi.htm
гражданской	gram/syntax/predlojenie/tipypredl/slojnpredl/slojnpodchpred/pridatpodlej.htm
грам-ға	gram/alfavit/princpisma.htm;gram/zvuk/slog.htm
графинанан	gram/morphol/glagol/deeprnap.htm
губкомға	gram/morphol/glagol/vremyaproshednady.htm
гэм	gram/morphol/narechie/lexsostav.htm
гэнэт	gram/morphol/narechie/lexsostav.htm
гәдәр	gram/morphol/poslelogi/obchchar.htm
гәйне	gram/morphol/glagol/vremyapredproshnagainy.htm;gram/morphol/vvodzam.htm
гәк	gram/morphol/prilag/obchchar.htm;gram/morphol/prilag/prodaffi.htm
гәләк	gram/morphol/prilag/slojaffi.htm
гән	gram/morphol/chislit/pribchslit.htm;gram/morphol/glagol/imyadeyst.htm;gram/morphol/glagol/katotritc.htm;gram/morphol/glagol/naklonsoslag.htm;gram/morphol/glagol/naklonuslov.htm;gram/morphol/glagol/predmod.htm;gram/morphol/glagol/prichproshvr.htm;gram/morphol/glagol/vremyapredproshnaganbulgan.htm;gram/morphol/glagol/vremyaproshednagan.htm;gram/morphol/prilag/maloprodaffi.htm;gram/morphol/vvodzam.htm;gram/syntax/predlojenie/skazuem.htm;gram/syntax/predlojenie/tipypredl/slojnpredl/slojnpodchpred/pridatobrdeist.htm;gram/syntax/predlojenie/tipypredl/slojnpredl/slojnpodchpred/pridatustup.htm;gram/syntax/predlojenie/tipypredl/uslojprostpred.htm
гәнгә	gram/syntax/predlojenie/skazuem.htm
гәндә	gram/morphol/glagol/naklonuslov.htm;gram/syntax/predlojenie/skazuem.htm
гәндәй	gram/syntax/predlojenie/skazuem.htm
гәндән	gram/syntax/predlojenie/skazuem.htm
гәнлектән	gram/syntax/predlojenie/skazuem.htm
гәнсе	gram/morphol/glagol/deeprnagansy.htm;gram/morphol/glagol/katotritc.htm;gram/syntax/predlojenie/obstoyatsrav.htm;gram/syntax/predlojenie/obstoyatstepeni.htm;gram/syntax/predlojenie/skazuem.htm;gram/syntax/predlojenie/tipypredl/uslojprostpred.htm;gram/zvuk/udar.htm
гәнсә	gram/morphol/glagol/deeprnagansa.htm;gram/morphol/glagol/deeprobchchar.htm;gram/morphol/glagol/katotritc.htm;gram/syntax/predlojenie/skazuem.htm;gram/zvuk/udar.htm
гәре	gram/morphol/narechie/kornevye.htm;gram/morphol/narechie/lexsostav.htm
гәс	gram/morphol/glagol/deeprnagas.htm;gram/morphol/glagol/imyadeyst.htm;gram/morphol/glagol/katotritc.htm;gram/morphol/glagol/vremyanast.htm;gram/morphol/morhol1.html;gram/morphol/prilag/stepenisrav.htm;gram/morphol/vvodzam.htm;gram/syntax/predlojenie/obstoyatprich.htm;gram/syntax/predlojenie/skazuem.htm;gram/syntax/predlojenie/tipypredl/slojnpredl/uslojslojpred/slprsneodpridpred2.htm;gram/syntax/slovosochet/glagslovsprimclenfvy.htm
гәсә	gram/morphol/mestoim/ukazmestoim.htm
гөм	gram/morphol/podrajslova/structpodrsl.htm
гөнө	gram/zvuk/sog.htm
гөр-өл-дә	gram/fonomorph/fonproc.htm
гөс	gram/morphol/prilag/prodaffi.htm;gram/morphol/suchestv/affik.htm
гөҙ	gram/morphol/glagol/naklonpovel.htm;gram/morphol/glagol/ponudzalog.htm;gram/morphol/suchestv/grammkatsych/katprinad.htm
даже	gram/syntax/predlojenie/tipypredl/slojnpredl/slojnpodchpred/pridatpodlej.htm
дай	gram/morphol/glagol/predmod.htm;gram/morphol/prilag/maloprodaffi.htm;gram/morphol/prilag/prodaffi.htm;gram/morphol/prilag/sostavprilag.htm;gram/syntax/predlojenie/obstoyatsrav.htm;gram/syntax/predlojenie/tipypredl/slojnpredl/slojnpodchpred/pridatsrav.htm;gram/syntax/predlojenie/tipypredl/uslojprostpred.htm;gram/syntax/slovosochet/imenslovosoch.htm;gram/zvuk/izmen.htm;gram/zvuk/udar.htm
далыҡ	gram/morphol/suchestv/affik.htm
дамҡа	gram/zvuk/izmen.htm
даст	gram/morphol/suchestv/affik.htm
дауайлаш	gram/morphol/glagol/vzaimzalog.htm
даш	gram/fonomorph/fonproc.htm;gram/morphol/prilag/prodaffi.htm
дағы	gram/morphol/prilag/obchchar.htm;gram/syntax/predlojenie/dopolnenie.htm;gram/syntax/slovosochet/slojimenslovosoch.htm
даң-ҡ-ыр	gram/morphol/podrajslova/structpodrsl.htm
дебетле	gram/syntax/slovosochet/slojimenslovosoch.htm
девушке	gram/syntax/predlojenie/tipypredl/slojnpredl/slojnpodchpred/pridatpodlej.htm
дегә-дегә	gram/morphol/podrajslova/zvatslova.htm
деке	gram/morphol/mestoim/pritmestoim.htm;gram/morphol/suchestv/grammkatsych/katprinad.htm;gram/morphol/suchestv/grammkatsych/katskaz.htm
деме	gram/morphol/glagol/katotritc.htm;gram/syntax/predlojenie/tipypredl/slojnpredl/slojnpodchpred/pridatuslov.htm
дерево	gram/syntax/predlojenie/tipypredl/beslichpred.htm
деңҡ	gram/morphol/podrajslova/structpodrsl.htm
деһер	gram/morphol/podrajslova/structpodrsl.htm
дзар	gram/morphol/suchestv/affik.htm
диаметрально	gram/morphol/prilag/maloprodaffi.htm
дилбәгәһен	gram/morphol/suchestv/grammkatsych/vinpadez.htm
директыр	gram/zvuk/zv11.html
докладчик	gram/alfavit/princpisma.htm
документ-лаштырыл	gram/morphol/glagol/stradzalog.htm
дом	gram/morphol/glagol/obchchar.htm
домик	gram/morphol/glagol/obchchar.htm
домище	gram/morphol/glagol/obchchar.htm
домо	gram/syntax/predlojenie/tipypredl/slojnpredl/slojnpodchpred/pridatuslov.htm
дор	gram/alfavit/princpisma.htm;gram/fonomorph/fonproc.htm;gram/morphol/glagol/ponudzalog.htm;gram/zvuk/zv1.html
доҡо	gram/morphol/suchestv/grammkatsych/katprinad.htm
доңк	gram/morphol/podrajslova/structpodrsl.htm
друг	gram/morphol/glagol/obchchar.htm
другой	gram/morphol/prilag/maloprodaffi.htm
дружище	gram/morphol/glagol/obchchar.htm
дружок	gram/morphol/glagol/obchchar.htm
дур-тен-се	gram/fonomorph/fonproc.htm
дурма	gram/morphol/glagol/deeprnap.htm
дуслығыбыҙҙы	gram/syntax/predlojenie/tipypredl/vosklitspred.htm
дуҫ-тар-ы-ғыҙ-ҙан	gram/morphol/suchestv/grammkatsych/katprinad.htm
дуҫлык	gram/syntax/predlojenie/tipypredl/slojnpredl/period.htm
дыҡлы	gram/morphol/prilag/slojaffi.htm
дыҡы	gram/morphol/mestoim/pritmestoim.htm;gram/morphol/suchestv/grammkatsych/katprinad.htm;gram/morphol/suchestv/grammkatsych/katskaz.htm
дыңғырҙа	gram/morphol/prilag/slojaffi.htm
дыңғырҙауыҡ	gram/morphol/prilag/slojaffi.htm
дэррә	gram/morphol/podrajslova/zvatslova.htm
дҮртенсе	gram/zvuk/udar.htm
дүр-те	gram/zvuk/slog.htm
дүрттәү	gram/morphol/chislit/kolchslit.htm
дүртәү-ләшеп	gram/zvuk/slog.htm
дәге	gram/morphol/prilag/obchchar.htm;gram/syntax/predlojenie/dopolnenie.htm;gram/syntax/slovosochet/slojimenslovosoch.htm
дәй	gram/morphol/glagol/predmod.htm;gram/morphol/prilag/prodaffi.htm;gram/syntax/predlojenie/obstoyatsrav.htm;gram/syntax/predlojenie/tipypredl/slojnpredl/slojnpodchpred/pridatsrav.htm;gram/syntax/predlojenie/tipypredl/uslojprostpred.htm;gram/zvuk/udar.htm
дән	gram/fonomorph/fonproc.htm;gram/morphol/suchestv/grammkatsych/ishpadez.htm;gram/morphol/suchestv/grammkatsych/padezkat.htm
дәш	gram/morphol/prilag/prodaffi.htm
дөбөрт	gram/morphol/podrajslova/structpodrsl.htm
дөзах	gram/morphol/mejdomet/mejdomet.htm
дөк	gram/morphol/podrajslova/structpodrsl.htm
дөкө	gram/morphol/suchestv/grammkatsych/katprinad.htm
дөрт-дөрт	gram/morphol/podrajslova/structpodrsl.htm
дөяғош	gram/fonomorph/zvukizm.htm
дөңҡ-дөңҡ	gram/morphol/podrajslova/syntfun.htm
ебеҙ	gram/morphol/suchestv/grammkatsych/katprinad.htm
евич	gram/morphol/suchestv/obchar.htm
евна	gram/morphol/suchestv/obchar.htm
евой	gram/morphol/prilag/zaimaffi.htm
евый	gram/morphol/prilag/zaimaffi.htm
егеҙ	gram/morphol/suchestv/grammkatsych/katprinad.htm;gram/morphol/vvodzam.htm;gram/syntax/vvodzam.htm;gram/zvuk/udar.htm
екиз	gram/zvuk/sog.htm
ел-кен	gram/fonomorph/fonproc.htm
елдерек	gram/morphol/vvodzam.htm
елиг	gram/zvuk/glpr.htm
елйем	gram/morphol/prilag/slojaffi.htm
елка	gram/alfavit/princpisma.htm
ель	gram/morphol/prilag/nulaffi.htm
емм	gram/morphol/mejdomet/mejdomet.htm
ерәк	algram/glagol.htm;gram/morphol/glagol/deeprnap.htm;gram/morphol/narechie/sravnitstepen.htm;gram/morphol/prilag/stepenisrav.htm
если	gram/morphol/glagol/modvozm.htm
етемеш	gram/morphol/chislit/obchchar1.htm
еттәү	gram/morphol/chislit/kolchslit.htm
ешик	gram/zvuk/glpr.htm
ешләй	gram/syntax/predlojenie/skazuem.htm
еще	gram/syntax/predlojenie/tipypredl/slojnpredl/slojnosochpredlsouz.htm
еңкә	gram/zvuk/izmen.htm
еүгә	gram/syntax/predlojenie/skazuem.htm
еүенсә	gram/morphol/glagol/deeprnagansa.htm
еүсе	gram/morphol/glagol/prichnastvr.htm;gram/morphol/suchestv/affik.htm;gram/syntax/predlojenie/skazuem.htm
еүҙән	gram/syntax/predlojenie/skazuem.htm
жирәбә	gram/zvuk/zv5.htm
жукири	gram/morphol/narechie/kornevye.htm
завязать	gram/syntax/predlojenie/tipypredl/slojnpredl/slojnpodchpred/pridatpodlej.htm
зажгло	gram/syntax/predlojenie/tipypredl/beslichpred.htm
зажмурить	gram/morphol/glagol/katpereh.htm
заправить	gram/alfavit/princpisma.htm;gram/morphol/glagol/affiks.htm;gram/morphol/glagol/obrslojgl.htm
зауыт	gram/zvuk/per.htm
зың-ҡ-ыр	gram/morphol/podrajslova/structpodrsl.htm
и-ре	gram/zvuk/glpr.htm
иблеслән	gram/morphol/glagol/affiks.htm
игендәр-е-беҙ-ҙе	gram/morphol/suchestv/grammkatsych/katprinad.htm
известно	gram/syntax/predlojenie/tipypredl/slojnpredl/slojnpodchpred/pridatpodlej.htm
изгелексел	gram/morphol/prilag/prodaffi.htm
ийат	gram/morphol/suchestv/affik.htm
икиз	gram/zvuk/sog.htm
иккәү	gram/morphol/chislit/kolchslit.htm
илгари	gram/morphol/narechie/kornevye.htm
илгири	gram/morphol/narechie/kornevye.htm
илебеҙдең	gram/syntax/predlojenie/skazuem.htm
илик	gram/zvuk/glpr.htm
илтиз	gram/zvuk/sog.htm
иль	gram/morphol/prilag/nulaffi.htm
илә-к	gram/fonomorph/fonproc.htm
имеет	algram/glagol.htm
имеш-м-имеш	gram/fonomorph/zvizmprired.htm
индениһә	gram/morphol/suchestv/grammkatsych/chislo.htm
инжү	gram/zvuk/glpr.htm
ини	gram/zvuk/glpr.htm
инәйберлә	gram/morphol/poslelogi/obchchar.htm
иптәш-тең	gram/zvuk/izmen.htm
иреммә	gram/zvuk/izmen.htm
иртән-ге	gram/zvuk/izmen.htm
иртәңге	gram/zvuk/izmen.htm;gram/zvuk/per.htm;gram/zvuk/zadneyaz.htm
иртәңке	gram/zvuk/izmen.htm
искрасы	gram/morphol/suchestv/affik.htm
ит-м-ит	gram/fonomorph/zvizmprired.htm
итештереберәк	gram/morphol/glagol/naklonpovel.htm
итәг-е-н-дә	gram/morphol/suchestv/grammkatsych/katopred.htm
ихтияр	gram/morphol/glagol/vnutriglaol.htm
ихтиярлы	gram/morphol/prilag/sostavprilag.htm
ихтиярһыҙ	gram/morphol/glagol/prichproshvr.htm
ический	gram/morphol/prilag/zaimaffi.htm
ичин	gram/morphol/poslelogi/obchchar.htm
иҙгәләк	gram/zvuk/izmen.htm
иҫке-р	gram/fonomorph/fonproc.htm
иһи	gram/morphol/mejdomet/mejdomet.htm
йазуҡла	gram/zvuk/glzr.htm
йай	gram/zvuk/glpr.htm
йай-е	gram/morphol/suchestv/affik.htm
йал	gram/morphol/prilag/neprodaffi.htm
йалп	gram/morphol/podrajslova/structpodrsl.htm
йалт-йолт	gram/zvuk/slog.htm
йан	gram/morphol/prilag/neprodaffi.htm
йарлуғ	gram/zvuk/glzr.htm
йарлы	gram/zvuk/glzr.htm
йаш	gram/zvuk/glzr.htm
йаңы	gram/zvuk/glzr.htm
йебәр	gram/zvuk/glpr.htm
йек	gram/zvuk/glpr.htm;gram/zvuk/udar.htm
йел	gram/zvuk/glpr.htm
йелек	gram/zvuk/glpr.htm
йелем	gram/zvuk/glpr.htm
йелкә	gram/zvuk/glpr.htm
йелтиз	gram/zvuk/sog.htm
йеләк	gram/alfavit/princpisma.htm;gram/zvuk/glpr.htm
йем	gram/zvuk/glpr.htm;gram/zvuk/sredneyaz.htm;gram/zvuk/udar.htm
йемер	gram/zvuk/glpr.htm
йемеш	gram/zvuk/glpr.htm
йеп	gram/zvuk/glpr2.htm
йер	gram/zvuk/glpr.htm
йерек	gram/zvuk/glpr.htm
йерән	gram/zvuk/glpr.htm
йет	gram/zvuk/glpr.htm
йете	gram/alfavit/princpisma.htm;gram/zvuk/glpr.htm
йетен	gram/zvuk/glpr.htm
йетмеш	gram/zvuk/glpr.htm
йеҙ	gram/zvuk/glpr.htm
йең	gram/zvuk/glpr.htm
йеңгә	gram/zvuk/glpr.htm
йеңел	gram/zvuk/glpr.htm
йимик	gram/morphol/poslelogi/obchchar.htm
йок	gram/morphol/narechie/kornevye.htm
йокомһора	gram/morphol/glagol/obchchar.htm
йомар-лаҡ	gram/fonomorph/fonproc.htm
йот-лоҡ	gram/zvuk/zv1.html
йоғ-он-то	gram/fonomorph/fonproc.htm
йоҡ-ҡару	gram/morphol/prilag/slojaffi.htm
йуан	gram/zvuk/glzr.htm
йул	gram/zvuk/sredneyaz.htm
йылы-т	gram/fonomorph/fonproc.htm
йып	gram/zvuk/glpr2.htm
йүгер-гелә	gram/morphol/glagol/vnutriglaol.htm
йһе	gram/morphol/glagol/moddolj.htm;gram/morphol/glagol/prichbudvr.htm
йһо	gram/morphol/glagol/moddolj.htm;gram/morphol/glagol/prichbudvr.htm
йһы	gram/morphol/glagol/moddolj.htm;gram/morphol/glagol/prichbudvr.htm
йһө	gram/morphol/glagol/moddolj.htm;gram/morphol/glagol/prichbudvr.htm
йә-м-йәшел	gram/fonomorph/zvizmprired.htm
йәк	gram/zvuk/glpr3.htm
йәмлен	gram/morphol/glagol/affiks.htm
йәсәк	gram/fonomorph/fonproc5.htm;gram/morphol/glagol/naklonsoslag.htm;gram/morphol/glagol/prichbudvr.htm
йәш-ерәк	gram/fonomorph/fonproc.htm
йәш-тәр	gram/fonomorph/fonproc.htm
йәшкел	gram/morphol/prilag/formyusil.htm
йөр	gram/morphol/glagol/katotritc.htm;gram/morphol/glagol/ponudzalog.htm;gram/morphol/glagol/vnutriglaol.htm;gram/zvuk/per.htm
йөр-ө-нө-м	gram/alfavit/princpisma.htm
йөрө-м-тәл	gram/morphol/vvodzam7.htm
йөрөмә-нем	gram/alfavit/princpisma.htm
какое-то	gram/syntax/predlojenie/tipypredl/slojnpredl/slojnpodchpred/pridatpodlej.htm
калхуз	gram/zvuk/zv11.html
категориях	algram/glagol.htm
ке-ше	gram/zvuk/slog.htm
кебек	gram/morphol/poslelogi/obchchar.htm
кед	gram/zvuk/sredneyaz.htm
кейендер-т	gram/morphol/glagol/ponudzalog3.htm
кейендерт	gram/morphol/glagol/ponudzalog.htm
кел	gram/fonomorph/fonproc.htm;gram/morphol/prilag/formyusil.htm;gram/morphol/prilag/maloprodaffi.htm
келиг	gram/zvuk/glpr2.htm;gram/zvuk/zv1.html
келтем	gram/morphol/prilag/slojaffi.htm
кемдәлеген	gram/morphol/suchestv/affik.htm
кет	gram/morphol/podrajslova/structpodrsl.htm
кетгү	gram/zvuk/glpr2.htm
кетер	gram/morphol/podrajslova/structpodrsl.htm
кеткелда	gram/morphol/glagol/affiks.htm
кеч	gram/morphol/suchestv/affik.htm
кешша	gram/morphol/podrajslova/zvatslova.htm
кеҙ	gram/morphol/glagol/ponudzalog.htm
кеҫә-һе-н-дә	gram/fonomorph/fonproc.htm
кеһеҙ	gram/morphol/modslova/modslutvotrits.htm
ки-ре	gram/zvuk/glpr.htm
киби	gram/morphol/poslelogi/obchchar.htm
кибик	gram/morphol/poslelogi/obchchar.htm
кибәк	gram/zvuk/glpr.htm;gram/zvuk/zv1.html
кибән	gram/zvuk/glpr.htm;gram/zvuk/zv1.html
кил-гелә	gram/morphol/glagol/vnutriglaol.htm
кил-е-геҙ	gram/fonomorph/fonproc.htm
кил-еү	gram/fonomorph/fonproc.htm
кил-мә-й	gram/fonomorph/fonproc.htm
кил-тер	gram/fonomorph/fonproc.htm
килегессе	gram/zvuk/izmen.htm
килегеҙ-се	gram/zvuk/izmen.htm
килешалмаусы	gram/morphol/suchestv/affik.htm
килешалмаусылыҡ	gram/morphol/suchestv/affik.htm
килү	gram/zvuk/glpr2.htm;gram/zvuk/zv1.html
ким	gram/zvuk/glpr.htm
кими	gram/morphol/poslelogi/obchchar.htm
кимә	gram/zvuk/glpr.htm;gram/zvuk/zv1.html
киоск-ы-ла	gram/alfavit/princpisma.htm
кирү	gram/zvuk/glpr.htm
кис-тәр	gram/zvuk/izmen.htm
кисерешергә	gram/morphol/mejdomet/mejdomet.htm
кита-бым	gram/fonomorph/fonproc.htm
китаб-ы-быҙ	gram/fonomorph/fonproc.htm
китаб-ым	gram/zvuk/gubn.htm
китап-ты	gram/fonomorph/fonproc.htm
китү	gram/zvuk/glpr2.htm
киш	gram/zvuk/glpr.htm
киши	gram/zvuk/glpr.htm
киштә	gram/zvuk/glpr.htm;gram/zvuk/zv1.html
киңәш	gram/zvuk/zv1.html
киҫ-әк	gram/fonomorph/fonproc.htm
киҫен-де	gram/fonomorph/fonproc.htm
киҫен-те	gram/fonomorph/fonproc.htm
клуп	gram/zvuk/gubn.htm
колон	gram/morphol/prilag/sostavprilag.htm
колхозник	gram/alfavit/princpisma.htm
компание	gram/morphol/glagol/vnutriglaol.htm
контрастный	gram/morphol/prilag/maloprodaffi.htm
конце	gram/morphol/glagol/vremyanast.htm
кончиться	gram/morphol/prilag/maloprodaffi.htm
кояш	gram/syntax/predlojenie/tipypredl/slojnpredl/uslojslojpred/smeshslpredl.htm
крәҫтиәндәрде	gram/syntax/predlojenie/tipypredl/slojnpredl/uslojslojpred/slpredodnaglav.htm
крәҫтиәндәрдең	gram/syntax/predlojenie/skazuem.htm
ксәк	gram/morphol/narechie/kornevye.htm
кубәйт	gram/morphol/glagol/ponudzalog.htm
кум	gram/morphol/poslelogi/obchchar.htm
куп	gram/zvuk/gubn.htm
кура	gram/morphol/poslelogi/obchchar.htm
куч	gram/morphol/suchestv/affik.htm
куче	gram/morphol/suchestv/affik.htm
кучкыл	gram/morphol/prilag/neprodaffi.htm
күб	gram/zvuk/gubn2.htm;gram/zvuk/sog.htm
күб-еһе	gram/zvuk/sog.htm
күбаяҡ	gram/alfavit/princpisma.htm
күг	gram/zvuk/sog.htm;gram/zvuk/zadneyaz.htm
күг-ел-йем	gram/morphol/prilag/formyusil.htm
күг-әр	gram/fonomorph/fonproc.htm;gram/zvuk/sredneyaz.htm
күмәк-ләшеп	gram/zvuk/slog.htm
күнелһеҙ	gram/syntax/predlojenie/skazuem.htm
күр-гәнһең	gram/fonomorph/fonproc.htm
күр-ҙем	gram/fonomorph/fonproc.htm
күр-әһең	gram/fonomorph/fonproc.htm
күрке	gram/morphol/glagol/imyadeyst.htm;gram/morphol/mejdomet/mejdomet.htm;gram/morphol/suchestv/grammkatsych/osnpadez.htm
күрше-ләр-ҙе-ке-н	gram/morphol/suchestv/grammkatsych/chislo.htm
күтәр-енке	gram/fonomorph/fonproc.htm
күҙ-елдерек	gram/morphol/vvodzam.htm
кәкр	gram/morphol/glagol/affiks.htm
кәлтән-кәлтән	gram/morphol/podrajslova/structpodrsl.htm
кәләймә	gram/morphol/prilag/prodaffi.htm
кәм-е	gram/zvuk/zv1.html
кән	gram/morphol/glagol/naklonsoslag.htm;gram/morphol/glagol/prichproshvr.htm;gram/morphol/prilag/maloprodaffi.htm;gram/syntax/predlojenie/skazuem.htm
кәнгә	gram/syntax/predlojenie/skazuem.htm
кәндә	gram/syntax/predlojenie/skazuem.htm
кәндәй	gram/syntax/predlojenie/skazuem.htm
кәндән	gram/syntax/predlojenie/skazuem.htm
кәнлектән	gram/syntax/predlojenie/skazuem.htm
кәнсе	gram/morphol/glagol/deeprnagansy.htm;gram/syntax/predlojenie/skazuem.htm;gram/zvuk/udar.htm
кәс	gram/morphol/glagol/vremyanast.htm;gram/morphol/prilag/maloprodaffi.htm;gram/morphol/prilag/stepenisrav.htm;gram/syntax/predlojenie/skazuem.htm;gram/syntax/predlojenie/tipypredl/slojnpredl/uslojslojpred/slprsneodpridpred2.htm;gram/syntax/slovosochet/glagslovsprimclenfvy.htm
кө-шөл	gram/zvuk/zv4.htm
көбүк	gram/zvuk/gubn.htm
көй-гәләк	gram/zvuk/slog.htm
көй-ҙәр	gram/zvuk/izmen.htm
көл-һөн	gram/fonomorph/fonproc.htm
көлсөл	gram/morphol/prilag/prodaffi.htm
көлтөм	gram/morphol/prilag/slojaffi.htm
көм	gram/alfavit/princpisma.htm
көмбайыш	gram/zvuk/izmen.htm
көмбағыш	gram/zvuk/izmen.htm
көмеш	gram/zvuk/zv1.html
көмөш-өм	gram/alfavit/princpisma.htm
көн-дөҙ	gram/fonomorph/fonproc.htm
көнлә-ш	gram/morphol/glagol/vnutriglaol.htm
көнэлгәре	gram/morphol/narechie/slovosloj.htm
көпүк	gram/zvuk/gubn.htm
көре	gram/morphol/poslelogi/obchchar.htm
көрә-к	gram/fonomorph/fonproc.htm
көт-өү-се	gram/fonomorph/fonproc.htm
көтөү-се	gram/alfavit/princpisma.htm
л-дә	gram/fonomorph/fonproc.htm
ла-ш	gram/morphol/glagol/vzaimzalog.htm
лам	gram/fonomorph/fonproc.htm
лата	gram/morphol/narechie/affic.htm;gram/morphol/narechie/obchchar.htm;gram/syntax/predlojenie/obstoyatstepeni.htm
лаш	gram/morphol/glagol/affiks.htm;gram/morphol/glagol/vzaimzalog.htm;gram/morphol/narechie/adverb.htm;gram/morphol/prilag/prodaffi.htm;gram/morphol/vvodzam.htm
лашып	gram/morphol/chislit/sobirchslit.htm
лаған	gram/morphol/chislit/pribchslit.htm
лаҫ	gram/morphol/prilag/neprodaffi.htm
ленинсе	gram/morphol/suchestv/affik.htm
лисица	gram/morphol/prilag/maloprodaffi.htm
лозунг-ы-лар	gram/alfavit/princpisma.htm
лор	gram/alfavit/princpisma.htm;gram/fonomorph/fonproc.htm
лоҡ	gram/morphol/prilag/prodaffi.htm;gram/morphol/suchestv/affik.htm
лум	gram/alfavit/princpisma.htm
лыр	gram/alfavit/princpisma.htm;gram/fonomorph/fonproc.htm;gram/morphol/chastitsa/chastitsa.htm;gram/morphol/glagol/infinformgl.htm;gram/morphol/mestoim/neopredmestoim.htm
лырҡ	gram/morphol/podrajslova/structpodrsl.htm
лыҡтан	gram/syntax/predlojenie/tipypredl/uslojprostpred.htm
лүрк-лүрк	gram/morphol/podrajslova/structpodrsl.htm;gram/morphol/podrajslova/syntfun.htm
ләгән	gram/morphol/chislit/pribchslit.htm
ләй	gram/morphol/narechie/affic.htm;gram/morphol/narechie/obchchar.htm;gram/morphol/prilag/prodaffi.htm;gram/syntax/predlojenie/obstoyatsrav.htm;gram/zvuk/udar.htm
ләк	gram/morphol/prilag/maloprodaffi.htm
лән	gram/morphol/glagol/affiks.htm;gram/morphol/glagol/vozvzalog.htm;gram/morphol/vvodzam.htm
ләр	gram/morphol/chislit/pribchslit.htm;gram/morphol/glagol/imyadeyst.htm;gram/morphol/glagol/naklonsoslag.htm;gram/morphol/glagol/naklonuslov.htm;gram/morphol/mestoim/voprmestoim.htm;gram/morphol/suchestv/grammkatsych/chislo.htm;gram/morphol/vvodzam.htm;gram/syntax/vvodzam.htm
ләре	gram/morphol/suchestv/grammkatsych/katprinad.htm
ләт	gram/morphol/vvodzam.htm
ләтә	gram/morphol/narechie/affic.htm;gram/morphol/narechie/obchchar.htm;gram/syntax/predlojenie/obstoyatstepeni.htm
ләш	gram/morphol/narechie/adverb.htm;gram/morphol/prilag/prodaffi.htm;gram/morphol/vvodzam.htm
ләшеп	gram/morphol/chislit/sobirchslit.htm
ләү	gram/morphol/prilag/formyusil3.htm
ләүк	gram/morphol/podrajslova/structpodrsl.htm
ләһә	gram/alfavit/princpisma.htm
лөк	gram/morphol/prilag/prodaffi.htm;gram/morphol/suchestv/affik.htm
лөр	gram/alfavit/princpisma.htm;gram/fonomorph/fonproc.htm
м-та	gram/fonomorph/fonproc.htm
м-тә	gram/fonomorph/fonproc.htm
мак	gram/morphol/glagol/imyadeyst.htm
мантылманы	gram/syntax/predlojenie/tipypredl/beslichpred.htm
маррака	gram/morphol/prilag/slojaffi.htm
маға	gram/morphol/glagol/infinformgl.htm;gram/morphol/glagol/modnamer.htm;gram/syntax/slovosochet/slovosochsuprprilag.htm;gram/syntax/svyazislov/primykglagol1.htm
мағанды	gram/morphol/glagol/katotritc.htm;gram/morphol/glagol/naklonuslov.htm
маҡ	gram/morphol/glagol/imyadeyst.htm;gram/morphol/glagol/infinformgl.htm;gram/morphol/glagol/moddolj.htm;gram/morphol/glagol/naklonnamer.htm;gram/morphol/prilag/maloprodaffi.htm;gram/morphol/suchestv/affik.htm;gram/morphol/suchestv/subst.htm;gram/morphol/vvodzam.htm;gram/syntax/svyazislov/primykglagol1.htm
маҡай	gram/morphol/prilag/neprodaffi.htm
маҡсы	gram/morphol/glagol/deeprnap.htm;gram/morphol/glagol/katotritc.htm;gram/morphol/glagol/naklonnamer.htm;gram/morphol/suchestv/affik.htm;gram/morphol/vvodzam.htm
маҡсыбыҙ	gram/morphol/glagol/naklonnamer.htm
маҡсылар	gram/morphol/glagol/naklonnamer.htm
маҡсымын	gram/morphol/glagol/naklonnamer.htm
маҡсыһығыҙ	gram/morphol/glagol/naklonnamer.htm
маҡсыһың	gram/morphol/glagol/naklonnamer.htm
маҡҡа	gram/morphol/glagol/infinformgl.htm
маҫ	gram/morphol/narechie/adverb.htm;gram/morphol/prilag/prodaffi.htm;gram/morphol/suchestv/affik.htm
маҫлыҡ	gram/morphol/modslova/modslutvotrits.htm;gram/morphol/suchestv/affik.htm
маҫҡа	gram/morphol/glagol/infinformgl.htm
маһмай	gram/morphol/podrajslova/zvatslova.htm
маһрум	gram/morphol/suchestv/affik.htm
медпунҡтҡа	gram/syntax/slovosochet/slojglagslovosoch.htm
мек	gram/morphol/prilag/maloprodaffi.htm
мен-геҙ	gram/fonomorph/fonproc.htm
менгеҙ	gram/fonomorph/fonproc2.htm;gram/morphol/glagol/ponudzalog.htm
мент	gram/morphol/glagol/vzaimzalog.htm
метал-лы	gram/alfavit/princpisma.htm;gram/zvuk/slog.htm
меш	gram/morphol/chislit/obchchar1.htm;gram/morphol/prilag/maloprodaffi.htm;gram/syntax/svyazislov/primykglagol.htm
меңяпраҡ	gram/morphol/suchestv/parsych.htm
минен	gram/morphol/mestoim/lichmestoim.htm
миниэчи	gram/morphol/narechie/lexsostav.htm
митинг-ы-нан	gram/alfavit/princpisma.htm
митинк	gram/zvuk/sog.htm
миңгерәү	gram/morphol/prilag/slojaffi.htm
мной	gram/morphol/glagol/vnutriglaol.htm
мобилизовать	gram/morphol/glagol/affiks.htm
мон	gram/morphol/suchestv/grammkatsych/katskaz.htm
монументен	gram/syntax/predlojenie/dopolnenie.htm
мса	gram/morphol/prilag/slojaffi.htm
мсы	gram/morphol/prilag/slojaffi.htm
мсә	gram/morphol/prilag/slojaffi.htm
мтал	gram/morphol/prilag/slojaffi.htm
мтәл	gram/morphol/prilag/slojaffi.htm
музыйка	gram/alfavit/sovbashalf.htm
музыйкы	gram/alfavit/sovbashalf.htm;gram/zvuk/zv11.html
мыйау	gram/morphol/podrajslova/structpodrsl.htm
мыйҡыл-мытҡыл	gram/morphol/podrajslova/structpodrsl.htm
мын	algram/such.htm;gram/morphol/glagol/vremyanast.htm;gram/morphol/suchestv/grammkatsych/katskaz.htm
мыс	gram/morphol/prilag/slojaffi.htm
мыш	gram/morphol/chislit/obchchar1.htm;gram/syntax/svyazislov/primykglagol.htm
мыш-на	gram/fonomorph/fonproc.htm
мыҡ	gram/morphol/prilag/maloprodaffi.htm
мүт	gram/morphol/prilag/prodaffi.htm
мһәк	gram/morphol/prilag/slojaffi.htm
мәгеҙ	gram/morphol/mejdomet/mejdomet.htm
мәгә	gram/morphol/glagol/modnamer.htm;gram/syntax/svyazislov/primykglagol1.htm
мәгәнде	gram/morphol/glagol/katotritc.htm;gram/morphol/glagol/naklonuslov.htm
мәксебеҙ	gram/morphol/glagol/naklonnamer.htm
мәкселәр	gram/morphol/glagol/naklonnamer.htm
мәксемен	gram/morphol/glagol/naklonnamer.htm
мәксеһегеҙ	gram/morphol/glagol/naklonnamer.htm
мәксеһең	gram/morphol/glagol/naklonnamer.htm
мәктәб-е-геҙ	gram/fonomorph/fonproc.htm
мәсдәри	gram/morphol/suchestv/affik.htm
мәьелдә	gram/alfavit/sovbashalf.htm;gram/zvuk/sog2.htm
мәҫ	gram/morphol/narechie/adverb.htm;gram/morphol/suchestv/affik.htm
мәҫкә	gram/morphol/glagol/infinformgl.htm
мәҫлек	gram/morphol/modslova/modslutvotrits.htm
мөгөҙлән	gram/morphol/glagol/affiks.htm
мөкү	gram/morphol/prilag/maloprodaffi.htm
мөлт	gram/morphol/podrajslova/structpodrsl.htm
мөн	gram/morphol/suchestv/grammkatsych/katskaz.htm
мөнх	gram/morphol/narechie/lexsostav.htm
наа	gram/morphol/podrajslova/zvatslova.htm
награт	gram/morphol/prilag/prodaffi.htm
надан	gram/morphol/suchestv/affik.htm
наи	gram/morphol/glagol/obchchar.htm
народный	gram/morphol/glagol/naklonsoslag.htm
начар	gram/morphol/suchestv/affik.htm
нда	gram/morphol/suchestv/grammkatsych/padezkat.htm
ндә	gram/morphol/suchestv/grammkatsych/padezkat.htm
нейтрализацияла	gram/morphol/glagol/affiks.htm
неке	gram/fonomorph/fonproc.htm;gram/morphol/mestoim/pritmestoim.htm;gram/morphol/suchestv/grammkatsych/katprinad.htm;gram/morphol/suchestv/grammkatsych/katskaz.htm;gram/syntax/predlojenie/skazuem.htm
некоторых	algram/glagol.htm
нем	gram/syntax/predlojenie/tipypredl/slojnpredl/slojnpodchpred/pridatpodlej.htm
нең	gram/fonomorph/fonproc.htm;gram/morphol/suchestv/grammkatsych/padezkat.htm;gram/morphol/suchestv/grammkatsych/rodpadez.htm;gram/zvuk/izmen.htm
ноҡо	gram/morphol/suchestv/grammkatsych/katprinad.htm
ноң	gram/morphol/suchestv/grammkatsych/padezkat.htm
нсе	gram/morphol/chislit/poryadchslit.htm;gram/morphol/prilag/maloprodaffi.htm
нсы	gram/morphol/chislit/poryadchslit.htm
нсө	gram/morphol/chislit/poryadchslit.htm
ный	gram/morphol/prilag/nulaffi.htm;gram/morphol/prilag/zaimaffi.htm
нығ-ыт	gram/fonomorph/fonproc.htm
ның	gram/fonomorph/fonproc.htm;gram/morphol/suchestv/grammkatsych/padezkat.htm;gram/morphol/suchestv/grammkatsych/rodpadez.htm;gram/zvuk/izmen.htm
нән	gram/morphol/suchestv/grammkatsych/ishpadez.htm;gram/morphol/suchestv/grammkatsych/padezkat.htm
нәр	gram/morphol/suchestv/grammkatsych/chislo.htm
нәрәтсе	gram/morphol/suchestv/affik.htm
нөкө	gram/morphol/suchestv/grammkatsych/katprinad.htm
нөң	gram/morphol/suchestv/grammkatsych/padezkat.htm
о-са	gram/zvuk/zv1.html
оба	gram/zvuk/glzr.htm
обмолвилась	gram/syntax/predlojenie/tipypredl/slojnpredl/slojnpodchpred/pridatpodlej.htm
обносить	gram/morphol/glagol/affiks.htm
обоҙ	gram/morphol/suchestv/grammkatsych/katprinad.htm
общеалт	gram/morphol/prilag/neprodaffi.htm
ович	gram/morphol/suchestv/obchar.htm
овна	gram/morphol/suchestv/obchar.htm
овой	gram/morphol/prilag/zaimaffi.htm
овый	gram/morphol/prilag/zaimaffi.htm
оглавление	algram/glagol.htm;algram/liter.htm;algram/narech.htm;algram/obchie.htm;algram/pril.htm;algram/such.htm;algram/vvedenie.htm
одинокий	gram/morphol/prilag/neprodaffi.htm
одним	gram/syntax/predlojenie/tipypredl/slojnpredl/slojnpodchpred/pridatpodlej.htm
ойа	gram/zvuk/glzr.htm
ойй	gram/morphol/mejdomet/mejdomet.htm
около	gram/morphol/vvodzam.htm
олтаң	gram/zvuk/glzr3.htm
он-до	gram/fonomorph/fonproc.htm
онут	gram/zvuk/glzr3.htm
оныт	gram/zvuk/glzr3.htm
ораҡ	algram/glagol.htm;gram/morphol/narechie/sravnitstepen.htm;gram/morphol/prilag/stepenisrav.htm
ортаң	gram/zvuk/glzr3.htm
орун	gram/zvuk/glzr.htm
орға	gram/morphol/glagol/infinformgl.htm
основы	gram/morphol/glagol/vremyanast.htm
осораны	gram/morphol/glagol/deeprnaa.htm
осорашыу	gram/morphol/glagol/deeprnap.htm
осоу-сы	gram/alfavit/princpisma.htm
остад	gram/morphol/suchestv/affik.htm
осыусы	gram/zvuk/glzr.htm
осҡайҙарын	gram/morphol/suchestv/grammkatsych/chislo.htm
от-ош	gram/fonomorph/fonproc.htm
отв	gram/syntax/predlojenie/odnorskaz1.htm
отвези-ка	gram/syntax/slovosochet/slojglagslovosoch.htm
отворачивать	gram/morphol/glagol/ponudzalog.htm
отношениеларҙы	gram/syntax/predlojenie/tipypredl/vstavpred.htm
оусы	gram/morphol/glagol/prichnastvr.htm;gram/morphol/suchestv/affik.htm
офицерскей	gram/morphol/glagol/vnutriglaol.htm
охума	gram/morphol/glagol/deeprnap.htm
ошлай	gram/syntax/predlojenie/skazuem.htm
ошо-лор	gram/fonomorph/fonproc.htm
ошо-н-да	gram/fonomorph/fonproc.htm
оғоҙ	gram/morphol/suchestv/grammkatsych/katprinad.htm
оҙон-уҙама	gram/morphol/prilag/parprilag.htm
падшаһ	gram/morphol/suchestv/affik.htm
параличенән	gram/syntax/predlojenie/skazuem.htm
парни	gram/syntax/predlojenie/tipypredl/slojnpredl/slojnpodchpred/pridatpodlej.htm
паҡ	gram/morphol/prilag/maloprodaffi.htm
паҡлыҡ	gram/morphol/suchestv/affik.htm
перчаткамды	gram/morphol/glagol/naklonuslov.htm;gram/syntax/predlojenie/skazuem.htm
печать	gram/zvuk/gubn.htm
пиво	gram/zvuk/gubn.htm
плач	gram/zvuk/per.htm
плачч	gram/zvuk/per.htm
плечами	gram/morphol/glagol/obchchar5.htm
подвижный	gram/morphol/prilag/maloprodaffi.htm
подняться	gram/morphol/prilag/maloprodaffi.htm
пожимать	gram/morphol/glagol/obchchar5.htm
ползать	gram/morphol/prilag/maloprodaffi.htm
полосалары	gram/syntax/predlojenie/obstoyatmesta.htm
поселкаһы	gram/morphol/suchestv/grammkatsych/chislo.htm
посубиеһенә	gram/morphol/glagol/naklonnamer.htm
право	gram/morphol/prilag/zaimaffi.htm
прелестный	gram/morphol/prilag/neprodaffi.htm
препятствие	gram/morphol/prilag/prodaffi.htm
принциб-ы	gram/alfavit/princpisma.htm
пришел	gram/morphol/glagol/vnutriglaol.htm
промартель	gram/morphol/souzy/soedsouz.htm
промышленносен	gram/syntax/predlojenie/obosobvtorchlpred.htm
пронырливый	gram/morphol/prilag/maloprodaffi.htm
простойлыҡ	gram/morphol/suchestv/affik.htm
противоположный	gram/morphol/prilag/maloprodaffi.htm
процессе	gram/syntax/predlojenie/obstoyatustup.htm
прямой	gram/morphol/prilag/maloprodaffi.htm
пуйыз	gram/zvuk/zv11.html
пшол	gram/morphol/podrajslova/zvatslova.htm
пән	gram/morphol/prilag/maloprodaffi.htm
рАдио	gram/zvuk/udar.htm
рАдионан	gram/zvuk/udar.htm
рабочий	gram/syntax/predlojenie/prilojenie.htm
радиоактивлылыҡ	gram/morphol/suchestv/affik.htm
разговор	gram/syntax/predlojenie/tipypredl/slojnpredl/slojnpodchpred/pridatpodlej.htm
раҡ	algram/glagol.htm;gram/morphol/glagol/deeprnaa.htm;gram/morphol/glagol/katotritc.htm;gram/morphol/narechie/obchchar.htm;gram/morphol/narechie/sravnitstepen.htm;gram/morphol/prilag/formyusil.htm;gram/morphol/prilag/stepenisrav.htm;gram/morphol/prilag/stepenisrav1.htm;gram/morphol/vvodzam.htm
раһат	gram/morphol/suchestv/affik.htm
рга	gram/morphol/glagol/vnutriglaol2.htm
ргә	gram/morphol/glagol/deeprnap.htm;gram/morphol/glagol/infinformgl.htm;gram/morphol/glagol/moddolj.htm;gram/morphol/glagol/modnamer.htm;gram/morphol/glagol/modvozm.htm;gram/morphol/glagol/naklonnamer.htm;gram/morphol/glagol/naklonpovel.htm;gram/morphol/glagol/vnutriglaol.htm;gram/morphol/glagol/vnutriglaol2.htm;gram/morphol/modslova/modslvozmoj.htm;gram/morphol/vvodzam.htm
ред	gram/syntax/predlojenie/odnorskaz1.htm
рлыҡ	gram/syntax/slovosochet/glagslovsprimclenfvy.htm
россиян	gram/morphol/mestoim/voprmestoim.htm
рға	gram/morphol/glagol/deeprnap.htm;gram/morphol/glagol/imyadeyst.htm;gram/morphol/glagol/infinformgl.htm;gram/morphol/glagol/moddolj.htm;gram/morphol/glagol/modnamer.htm;gram/morphol/glagol/modvozm.htm;gram/morphol/glagol/naklonnamer.htm;gram/morphol/glagol/naklonpovel.htm;gram/morphol/glagol/vnutriglaol.htm;gram/morphol/modslova/modslvozmoj.htm;gram/morphol/vvodzam.htm;gram/syntax/predlojenie/tipypredl/slojnpredl/slojnpodchpred/pridatseli.htm;gram/syntax/slovosochet/glagslovsprimclenfvy.htm;gram/syntax/slovosochet/imenslovosoch.htm;gram/syntax/slovosochet/slovosochsuprprilag.htm;gram/syntax/slovosochet/slovsglagolopred.htm;gram/syntax/svyazislov/primykglagol.htm
рҙай	gram/syntax/slovosochet/glagslovsprimclenfvy.htm
рәй	gram/morphol/prilag/prodaffi.htm
рәк	algram/glagol.htm;gram/alfavit/princpisma.htm;gram/morphol/glagol/deeprnaa.htm;gram/morphol/glagol/katotritc.htm;gram/morphol/narechie/sravnitstepen.htm;gram/morphol/prilag/stepenisrav.htm;gram/morphol/vvodzam.htm
са-ма	gram/zvuk/zv4.htm
сабр	gram/morphol/suchestv/affik.htm
сабынсылар	gram/morphol/glagol/vremyadavnoproshopr.htm
сак	gram/syntax/predlojenie/tipypredl/poryadokslov.htm
сакта	gram/syntax/predlojenie/tipypredl/oboblichpred.htm
салышай	gram/morphol/glagol/affiks.htm
саруғ	gram/zvuk/zadneyaz.htm
сарығ	gram/zvuk/sog.htm
сасығ	gram/zvuk/sog.htm
сач	gram/zvuk/glpr.htm;gram/zvuk/per1.htm
сволочь	gram/morphol/mejdomet/mejdomet.htm
се-йә	gram/zvuk/zv4.htm
себ	gram/zvuk/zv1.html
себепт	gram/morphol/poslelogi/obchchar.htm
сек	gram/morphol/prilag/prodaffi.htm
секиз	gram/zvuk/sog.htm
секретаре	gram/syntax/predlojenie/tipypredl/slojnpredl/period.htm
секретарҙең	gram/morphol/podrajslova/syntfun.htm
семент	gram/zvuk/sog2.htm
сере-м-тә	gram/fonomorph/fonproc.htm
сех	gram/zvuk/sog2.htm
сила	gram/morphol/glagol/obchchar.htm
силенки	gram/morphol/glagol/obchchar.htm
силища	gram/morphol/glagol/obchchar.htm
синиэчи	gram/morphol/narechie/lexsostav.htm
системалаш	gram/morphol/prilag/prodaffi.htm
сказать	gram/syntax/predlojenie/tipypredl/slojnpredl/slojnpodchpred/pridatpodlej.htm
ский	gram/morphol/prilag/zaimaffi.htm
скот	gram/zvuk/sog.htm
слов	gram/zvuk/izmen.htm
слово	gram/syntax/predlojenie/tipypredl/slojnpredl/slojnpodchpred/pridatpodlej.htm
словом	gram/syntax/predlojenie/tipypredl/slojnpredl/slojnpodchpred/pridatpodlej.htm
смешаться	gram/morphol/prilag/maloprodaffi.htm
снег	gram/morphol/prilag/maloprodaffi.htm
собрание	gram/morphol/prilag/zaimaffi.htm
соҡор-саҡыр-лы	gram/morphol/vvodzam.htm
специалләш	gram/morphol/glagol/affiks.htm
списать	gram/morphol/mejdomet/mejdomet.htm
сро-гында	gram/fonomorph/fonproc.htm
срог-ы	gram/zvuk/sredneyaz.htm
ста-нок	gram/zvuk/slog.htm
ставил	gram/morphol/glagol/vzaimzalog.htm
степная	gram/morphol/prilag/maloprodaffi.htm
суб	gram/zvuk/gubn.htm
супырҙа	gram/morphol/glagol/vzaimzalog.htm
сы-бар	gram/zvuk/zv4.htm
сый-мый	gram/morphol/podrajslova/structpodrsl.htm
сыйфат	gram/alfavit/princpisma.htm
сылыҡ	gram/morphol/suchestv/affik.htm;gram/morphol/suchestv/grammkatsych/chislo.htm
сырна	gram/morphol/glagol/affiks.htm
сығын-ты	gram/fonomorph/fonproc.htm
сюри	gram/morphol/narechie/lexsostav.htm
сүб	gram/zvuk/gubn2.htm
сүг-әлә	gram/fonomorph/fonproc.htm
сәнестем	gram/morphol/mejdomet/mejdomet.htm
сәплерәк	gram/syntax/predlojenie/tipypredl/slojnpredl/slojnpodchpred/pridatmery.htm
сәр-р	gram/morphol/podrajslova/structpodrsl.htm
сө-сө	gram/zvuk/slog.htm
сөз	gram/zvuk/glpr.htm
сөй-өлдөрөк	gram/fonomorph/fonproc.htm;gram/morphol/vvodzam.htm
сөйе	gram/zvuk/glpr3.htm
сөл	gram/morphol/prilag/prodaffi.htm
сөлөк	gram/morphol/suchestv/affik.htm
сөмтөр	gram/morphol/prilag/maloprodaffi.htm
сөс-көлтөм	gram/fonomorph/fonproc.htm
т-ем	gram/morphol/prilag/formyusil.htm
т-өм	gram/morphol/prilag/formyusil.htm
тУғыҙ	gram/zvuk/udar.htm
таб-ам	gram/zvuk/gubn.htm
тай-ғалаҡ	gram/zvuk/slog.htm
тайралаҡ	gram/morphol/prilag/slojaffi.htm
таксийына	gram/morphol/glagol/deeprnap.htm
там-ды	gram/zvuk/izmen.htm
тамты	gram/zvuk/izmen.htm
тамүғ	gram/zvuk/sog.htm
танЫшһығыҙ	gram/zvuk/udar.htm
танкыһын	gram/syntax/predlojenie/odnorskaz.htm
танкыһындағы	gram/syntax/predlojenie/dopolnenie.htm
танцевать	gram/alfavit/princpisma.htm;gram/morphol/glagol/vnutriglaol.htm
тара-ғ-ым	gram/fonomorph/fonproc.htm
тарҙаҡай	gram/morphol/prilag/slojaffi.htm
татарские	gram/syntax/predlojenie/tipypredl/slojnpredl/slojnpodchpred/pridatpodlej.htm
тау-ҙай	gram/zvuk/izmen.htm
тағ	gram/zvuk/gubn.htm;gram/zvuk/sog.htm
таңнар	gram/morphol/suchestv/grammkatsych/chislo.htm
тев	gram/zvuk/sredneyaz.htm
тег	gram/zvuk/sredneyaz.htm
тегенеһе	gram/syntax/vvodzam.htm
тегиң	gram/zvuk/sredneyaz.htm
теке	gram/morphol/suchestv/grammkatsych/katprinad.htm
темекһен	gram/zvuk/izmen.htm
темп-ы	gram/zvuk/gubn.htm
темпын	gram/morphol/glagol/naklonpovel.htm
тен	gram/morphol/prilag/maloprodaffi.htm
тер	gram/alfavit/princpisma.htm;gram/fonomorph/fonproc.htm;gram/morphol/glagol/ponudzalog.htm;gram/morphol/mestoim/neopredmestoim.htm;gram/morphol/modslova/modsldoljneob.htm;gram/morphol/podrajslova/structpodrsl.htm
тере-л	gram/morphol/glagol/stradzalog.htm
терҫ	gram/morphol/podrajslova/structpodrsl.htm
техниг-ы	gram/alfavit/princpisma.htm
тең	gram/morphol/chislit/pribchslit.htm;gram/morphol/narechie/adverb.htm;gram/morphol/suchestv/grammkatsych/padezkat.htm;gram/morphol/suchestv/grammkatsych/rodpadez.htm
ти-п-тиҙ	gram/fonomorph/zvizmprired.htm
ти-ре	gram/zvuk/slog.htm
ти-шек	gram/zvuk/zv4.htm
тиб-ы	gram/alfavit/princpisma.htm;gram/zvuk/gubn.htm
тиби-тиби	gram/morphol/podrajslova/zvatslova.htm
тикг	gram/morphol/souzy/protivsouz.htm
тиктем	gram/morphol/poslelogi/posleloguprosnpad.htm
тикәр	gram/zvuk/zv5.htm
тилемсэ	gram/morphol/prilag/slojaffi.htm
типа	gram/morphol/glagol/katotritc.htm
тирактыр	gram/zvuk/zv11.html
тириг	gram/zvuk/glpr.htm
тирән	gram/zvuk/zv1.html
товарищ	gram/morphol/glagol/vnutriglaol.htm
топ-томалға	gram/morphol/narechie/razryady.htm
тор-мош	gram/fonomorph/fonproc.htm
тор-о-ғоҙ	gram/fonomorph/fonproc.htm
торбатомшоҡ	gram/morphol/suchestv/parsych.htm
тормош-о-боҙ-ҙоң	gram/alfavit/princpisma.htm
тормыш	gram/zvuk/zv1.html
тормышыбыҙ	gram/zvuk/glzr.htm
торорһоңмы	gram/syntax/predlojenie/skazuem.htm
торуғ	gram/zvuk/glzr.htm
тоғ-ом	gram/zvuk/sog.htm
тоғра	gram/morphol/prilag/maloprodaffi.htm
тоғру	gram/morphol/prilag/neprodaffi.htm
тоҡо	gram/morphol/suchestv/grammkatsych/katprinad.htm
тоң	gram/morphol/suchestv/grammkatsych/padezkat.htm
трАктор	gram/zvuk/udar.htm
трАкторҙар	gram/zvuk/udar.htm
тракто-рис-ты	gram/zvuk/slog.htm
тракторист-ы	gram/zvuk/slog.htm
трах	gram/morphol/podrajslova/obchchar.htm
три	gram/morphol/chislit/razdelchislit.htm
трр	gram/morphol/podrajslova/zvatslova.htm
тррр	gram/morphol/vvodzam.htm
трудящиеся	gram/syntax/predlojenie/tipypredl/slojnpredl/slojnpodchpred/pridatpodlej.htm
тулҡынла-мыусы	gram/morphol/mestoim/opredmestoim.htm
тум	gram/zvuk/izmen.htm
тунған	gram/zvuk/izmen.htm
турғайлар	gram/syntax/vvodzam.htm
туғ	gram/morphol/chislit/obchchar1.htm;gram/zvuk/zadneyaz.htm
туғғыҙ	gram/morphol/chislit/kolchslit.htm
туҡауһыҙһөйләне	gram/syntax/slovosochet/glagslovsprimclenfvy.htm
туңҡан	gram/zvuk/izmen.htm
тфу	gram/morphol/mejdomet/mejdomet.htm
тфу-тфу	gram/morphol/glagol/naklonpovel.htm
тынгыһыҙ	gram/morphol/mejdomet/mejdomet.htm
тыр	gram/alfavit/princpisma.htm;gram/fonomorph/fonproc.htm;gram/morphol/glagol/affiks.htm;gram/morphol/glagol/ponudzalog.htm;gram/morphol/glagol/vnutriglaol.htm;gram/morphol/mestoim/neopredmestoim.htm;gram/morphol/podrajslova/structpodrsl.htm;gram/morphol/prilag/maloprodaffi.htm
тырт	gram/morphol/podrajslova/structpodrsl.htm
тыс	gram/morphol/prilag/sostavprilag.htm
тысяч	gram/morphol/chislit/pribchslit.htm
тыштал	gram/zvuk/izmen.htm
тыҡы	gram/morphol/suchestv/grammkatsych/katprinad.htm
тэнэг	gram/morphol/prilag/maloprodaffi.htm
тюрк	gram/morphol/prilag/maloprodaffi.htm
тү-бә	gram/zvuk/slog.htm
түг-ел	gram/alfavit/sovbashalf.htm;gram/zvuk/sredneyaz.htm
тәбаһа	gram/fonomorph/fonproc.htm;gram/zvuk/udar.htm
тәй	gram/morphol/prilag/prodaffi.htm;gram/syntax/predlojenie/obstoyatsrav.htm;gram/zvuk/udar.htm
тәкәр	gram/zvuk/zv5.htm
тәмһеҙлә-н	gram/morphol/glagol/vnutriglaol.htm
тәмһеҙләндер	gram/zvuk/slog.htm
тәр	gram/morphol/suchestv/grammkatsych/chislo.htm
тәрби-ә	gram/zvuk/slog.htm
тәрәзә	gram/zvuk/zv5.htm
тәрәф	gram/morphol/poslelogi/obchchar.htm
тәстә	gram/zvuk/zv5.htm
тәш	gram/morphol/prilag/prodaffi.htm
төб	gram/zvuk/glpr.htm
төбө-н-дә	gram/morphol/suchestv/grammkatsych/katopred.htm
төмө	gram/syntax/predlojenie/tipypredl/slojnpredl/slojnpodchpred/pridatuslov.htm
төр-әт	gram/fonomorph/fonproc.htm
төрле	gram/zvuk/glpr.htm
төссе	gram/zvuk/izmen.htm
төтен	gram/zvuk/glpr.htm
төче	gram/zvuk/per1.htm
төчкер	gram/zvuk/per1.htm
төш-өнкө	gram/fonomorph/fonproc.htm
төшөрәләсәк	gram/syntax/predlojenie/tipypredl/slojnpredl/bessouzslojnosochpredl.htm
төшөңкө	gram/zvuk/zadneyaz.htm
төңгө	gram/zvuk/izmen.htm;gram/zvuk/zadneyaz.htm
төҫ-сө	gram/zvuk/izmen.htm
у-раҡ	gram/zvuk/zv1.html
у-сы	gram/fonomorph/fonproc.htm
у-ҫаҡ	gram/zvuk/slog.htm
уау	gram/morphol/mejdomet/mejdomet.htm
уйлайым-уилайым	gram/morphol/glagol/deeprnaa2.htm
уйн-а	gram/fonomorph/fonproc.htm
ултыр-ыш	gram/fonomorph/fonproc.htm
улуғ	gram/zvuk/sog.htm;gram/zvuk/zadneyaz.htm
улың-ды	gram/fonomorph/fonproc.htm
умнее	gram/morphol/glagol/obchchar.htm
умнейший	gram/morphol/glagol/obchchar.htm
умный	gram/morphol/glagol/obchchar.htm
университете	gram/morphol/suchestv/parsych.htm
урЫнбаҫарһығыҙ	gram/zvuk/udar.htm
урамтан	gram/zvuk/izmen.htm
урта-һы-н-да	gram/morphol/suchestv/grammkatsych/katopred.htm
урын-лаш	gram/morphol/vvodzam6.htm
урыҡ	gram/fonomorph/zvizmprired.htm
урыҡ-һ-урыҡ	gram/fonomorph/zvizmprired.htm
урғылышып	gram/syntax/predlojenie/tipypredl/poryadokslov.htm
уф-ф	gram/morphol/mejdomet/mejdomet.htm
уфф	gram/morphol/mejdomet/mejdomet.htm
участвовали	gram/syntax/predlojenie/tipypredl/slojnpredl/slojnpodchpred/pridatpodlej.htm
учеттан	gram/morphol/glagol/obrslojgl.htm
уыж	gram/morphol/podrajslova/structpodrsl.htm
уыжт	gram/morphol/podrajslova/structpodrsl.htm
уыҡ	gram/morphol/prilag/slojaffi.htm
уя-т	gram/fonomorph/fonproc.htm
уҡ-ыу-сы	gram/fonomorph/fonproc.htm
уҡы-й-ым	gram/fonomorph/fonproc.htm
уҡы-йһым	gram/morphol/glagol/moddolj.htm
уҡытыусЫбыҙ	gram/zvuk/udar.htm
уҡытыусылАрбыҙ	gram/zvuk/udar.htm
уҡыштыр-ғыла	gram/morphol/glagol/vnutriglaol.htm
уңты	gram/zvuk/izmen.htm
уңъщда	gram/syntax/predlojenie/odnordopol.htm
фабрик-завод	gram/morphol/mestoim/opredmestoim.htm;gram/morphol/mestoim/pritmestoim.htm
фамилия-лаш	gram/fonomorph/fonproc.htm
фаҡир	gram/morphol/suchestv/affik.htm
формы	algram/glagol.htm
фотосымы	gram/morphol/suchestv/affik.htm
фәни	gram/morphol/prilag/zaimaffi.htm
фәнн	gram/morphol/prilag/zaimaffi.htm
хал	gram/alfavit/princpisma.htm
халҡ	gram/alfavit/princpisma.htm
харш	gram/morphol/narechie/lexsostav.htm
хзбәр	gram/syntax/predlojenie/tipypredl/slojnpredl/uslojslojpred/slpredodnaglav.htm
хлеб	gram/morphol/suchestv/parsych.htm
хол	gram/alfavit/princpisma.htm
холҡон	gram/syntax/predlojenie/dopolnenie.htm
хоть	gram/syntax/predlojenie/tipypredl/slojnpredl/slojnpodchpred/pridatpodlej.htm
хотя	gram/morphol/glagol/naklonuslov.htm
хотят	gram/syntax/predlojenie/tipypredl/slojnpredl/slojnpodchpred/pridatpodlej.htm
хоңор	gram/zvuk/glzr3.htm
цифр-лы	gram/alfavit/princpisma.htm
чап	gram/zvuk/per.htm
чашка	gram/zvuk/per.htm
челюскинсылар	gram/morphol/suchestv/affik.htm
чемодандарына	gram/morphol/glagol/vnutriglaol.htm
чиш	gram/zvuk/per1.htm
член	gram/zvuk/per.htm
члендары	gram/syntax/predlojenie/tipypredl/slojnpredl/period.htm
членлыҡ	gram/morphol/suchestv/affik.htm
чоткы	gram/zvuk/sog2.htm
ччи	gram/zvuk/per.htm
ччотка	gram/zvuk/per.htm;gram/zvuk/sog2.htm
ччоткы	gram/zvuk/per.htm;gram/zvuk/sog2.htm
шад	gram/morphol/suchestv/affik.htm
шарындагы	gram/syntax/predlojenie/tipypredl/slojnpredl/slojnpodchpred/pridatsled.htm
шатара	gram/morphol/prilag/maloprodaffi.htm
шатрандж	gram/morphol/prilag/maloprodaffi.htm
шебеш	gram/zvuk/izmen.htm
шек	gram/morphol/prilag/maloprodaffi.htm
шел	gram/morphol/prilag/formyusil.htm
шке	gram/zvuk/zv1.html
шлай	gram/morphol/glagol/deeprnayshlai.htm
шләй	gram/morphol/glagol/deeprnayshlai.htm
шнуровать	gram/morphol/glagol/affiks.htm
шпа-гат	gram/zvuk/slog.htm
шпи-он	gram/zvuk/slog.htm
штамп-ы-һыҙ	gram/alfavit/princpisma.htm
штампала	gram/morphol/glagol/affiks.htm
штер	gram/morphol/glagol/katotritc.htm;gram/morphol/glagol/vnutriglaol.htm
штергелә	gram/morphol/glagol/katotritc.htm
штырғыла	gram/morphol/glagol/katotritc.htm
шуҡыш	gram/zvuk/izmen.htm
шылтырр	gram/morphol/podrajslova/syntfun.htm
шын-яҙын	gram/zvuk/zv1.html
шығырт	gram/morphol/podrajslova/structpodrsl.htm
шығырҙа	gram/morphol/glagol/affiks.htm
шәб-ерәк	gram/alfavit/sovbashalf.htm
шәшкәһен	gram/morphol/glagol/deeprnap.htm
шәһәдәтнамә	gram/morphol/suchestv/parsych.htm
шөҡәтһеҙ	gram/syntax/predlojenie/skazuem.htm
щеголеватый	gram/morphol/prilag/maloprodaffi.htm
щеү	gram/syntax/predlojenie/tipypredl/poryadokslov.htm
ы-ран	gram/zvuk/zv1.html
ы-сын	gram/zvuk/zv1.html
ы-шыҡ	gram/zvuk/slog.htm
ыбыҙ	gram/morphol/suchestv/grammkatsych/katprinad.htm
ылда	gram/morphol/glagol/affiks.htm
ылдыра	gram/morphol/glagol/affiks.htm
ылйым	gram/morphol/prilag/slojaffi.htm
ылтаң	gram/zvuk/glzr3.htm
ымһаҡ	gram/morphol/prilag/slojaffi.htm
ына	gram/morphol/vvodzam.htm
ынан	gram/morphol/vvodzam.htm
ында	gram/morphol/vvodzam.htm
ынты	gram/morphol/prilag/slojaffi.htm
ынҡы	gram/morphol/prilag/prodaffi.htm;gram/morphol/prilag/slojaffi.htm
ыраҡ	algram/glagol.htm;gram/morphol/glagol/deeprnap.htm;gram/morphol/narechie/sravnitstepen.htm;gram/morphol/prilag/stepenisrav.htm
ырлыҡ	gram/morphol/modslova/modslutvotrits.htm;gram/morphol/suchestv/affik.htm
ырра	gram/morphol/glagol/deeprnaa.htm
ырт	gram/morphol/podrajslova/structpodrsl.htm
ырта	gram/morphol/glagol/infinformgl.htm
ыры	gram/morphol/prilag/slojaffi.htm
ырға	gram/morphol/glagol/naklonjelan.htm;gram/morphol/modslova/modslvozmoj.htm
ырҙа	gram/morphol/glagol/affiks.htm
ырҙай	gram/morphol/glagol/naklonuslov.htm;gram/morphol/modslova/modslutvotrits.htm
ығыҙ	gram/morphol/suchestv/grammkatsych/katprinad.htm;gram/morphol/vvodzam.htm;gram/zvuk/udar.htm
ыҡшы	gram/zvuk/izmen.htm
э-йәк	gram/zvuk/slog.htm
э-ре	gram/zvuk/zv1.html
э-се	gram/zvuk/slog.htm
эзопса	gram/syntax/predlojenie/tipypredl/vstavpred.htm
эйй	gram/morphol/mejdomet/mejdomet.htm
эксплуатировать	gram/morphol/glagol/affiks.htm
эл-гес	gram/fonomorph/fonproc.htm
эл-емтә	gram/zvuk/izmen.htm
электричество	gram/alfavit/sovbashalf.htm
элэ	gram/morphol/narechie/lexsostav.htm
эмм	gram/morphol/mejdomet/mejdomet.htm
эрдэ	gram/morphol/narechie/lexsostav.htm
эрт	gram/morphol/narechie/lexsostav.htm
эс-сеҙ	gram/zvuk/izmen.htm
эсер-т	gram/morphol/glagol/ponudzalog3.htm
эскелтемерәк	gram/morphol/prilag/formyusil.htm
эсәк-тең	gram/fonomorph/fonproc.htm
эсәр-әсмәҫ	gram/syntax/slovosochet/glagslovsprimclenfvy.htm
эти	gram/zvuk/zv1.html
это	gram/morphol/glagol/naklonpovel.htm
эш-ләт-мә-гән-һе-геҙ	gram/zvuk/slog.htm
эшлә-й-беҙ	gram/fonomorph/fonproc.htm
эшлә-й-эшлә-й	gram/fonomorph/fonproc.htm
эшлә-й-әсәк	gram/fonomorph/fonproc.htm
эшлә-мә-й-әсәк	gram/fonomorph/fonproc.htm
эшлә-н	gram/morphol/glagol/stradzalog.htm
юлташ	gram/zvuk/izmen.htm
юлыңғай	gram/morphol/narechie/slovosloj.htm
юғ-ал	gram/zvuk/zadneyaz.htm
ябай-лаш	gram/fonomorph/fonproc.htm
ябайла	gram/morphol/glagol/vzaimzalog.htm
ябайлаш-тыр	gram/fonomorph/fonproc.htm
ябайлаштыр-ыл	gram/fonomorph/fonproc.htm
ябайлаштырыл-ған	gram/fonomorph/fonproc.htm
ябайлаштырылған-лыҡтан	gram/fonomorph/fonproc.htm
является	gram/syntax/svyazislov/glagupravlenie.htm
ялтыраттырмай	gram/syntax/predlojenie/skazuem.htm
яль	gram/morphol/prilag/nulaffi.htm
ямҡыр	gram/zvuk/izmen.htm
ян-ғын	gram/fonomorph/fonproc.htm
яп-ты	gram/zvuk/izmen.htm
яр-ҙан	gram/zvuk/izmen.htm
яро	gram/morphol/narechie/lexsostav.htm
ярылҡа	gram/zvuk/izmen.htm
ярымколония	gram/morphol/suchestv/parsych.htm
ярымтура	gram/morphol/suchestv/parsych.htm
ясаҡ	gram/fonomorph/fonproc5.htm;gram/morphol/glagol/naklonsoslag.htm;gram/morphol/glagol/prichbudvr.htm
яҙ-ыл	gram/fonomorph/fonproc.htm
яҙ-ҙы	gram/zvuk/izmen.htm
яҙа-һым	gram/morphol/glagol/moddolj.htm
яҙыусЫмын	gram/zvuk/udar.htm
яҙғаң	gram/zvuk/izmen.htm
яһа-л	gram/fonomorph/fonproc.htm
ғай	gram/morphol/glagol/affiks.htm;gram/morphol/prilag/maloprodaffi.htm
ғайлыҡтан	gram/syntax/predlojenie/skazuem.htm
ғалаҡ	gram/morphol/prilag/slojaffi.htm
ғалимдәр	gram/syntax/predlojenie/tipypredl/slojnpredl/period.htm
ғалы	gram/morphol/glagol/infinformgl1.htm
ған	gram/morphol/chislit/pribchslit.htm;gram/morphol/glagol/imyadeyst.htm;gram/morphol/glagol/katotritc.htm;gram/morphol/glagol/naklonsoslag.htm;gram/morphol/glagol/naklonuslov.htm;gram/morphol/glagol/predmod.htm;gram/morphol/glagol/predmod1.htm;gram/morphol/glagol/prichnastvr.htm;gram/morphol/glagol/prichproshvr.htm;gram/morphol/glagol/stradzalog.htm;gram/morphol/glagol/vremyadavnoproshneopr.htm;gram/morphol/glagol/vremyapredproshnaganbulgan.htm;gram/morphol/glagol/vremyaproshednagan.htm;gram/morphol/modslova/modslutvotrits.htm;gram/morphol/prilag/adekt.htm;gram/morphol/prilag/maloprodaffi.htm;gram/morphol/prilag/sostavprilag.htm;gram/morphol/vvodzam.htm;gram/syntax/predlojenie/skazuem.htm;gram/syntax/predlojenie/tipypredl/slojnpredl/slojnpodchpred/pridatobrdeist.htm;gram/syntax/predlojenie/tipypredl/slojnpredl/slojnpodchpred/pridatprich.htm;gram/syntax/predlojenie/tipypredl/slojnpredl/slojnpodchpred/pridatustup.htm;gram/syntax/predlojenie/tipypredl/uslojprostpred.htm;gram/syntax/slovosochet/glagslovsprimclenfvy.htm;gram/syntax/slovosochet/imenslovosoch.htm
ғанда	gram/morphol/glagol/naklonuslov.htm;gram/syntax/predlojenie/skazuem.htm
ғандай	gram/syntax/predlojenie/skazuem.htm;gram/syntax/slovosochet/glagslovsprimclenfvy.htm
ғандан	gram/syntax/predlojenie/skazuem.htm
ғанлыҡтан	gram/syntax/predlojenie/skazuem.htm
ғанса	gram/morphol/glagol/deeprnagansa.htm;gram/morphol/glagol/deeprobchchar.htm;gram/morphol/glagol/katotritc.htm;gram/morphol/morhol1.html;gram/syntax/predlojenie/skazuem.htm;gram/zvuk/udar.htm
ғансы	gram/morphol/glagol/deeprnagansy.htm;gram/morphol/glagol/katotritc.htm;gram/morphol/morhol1.html;gram/syntax/predlojenie/obstoyatsrav.htm;gram/syntax/predlojenie/obstoyatstepeni.htm;gram/syntax/predlojenie/skazuem.htm;gram/syntax/predlojenie/tipypredl/slojnpredl/slojnpodchpred/pridatsrav.htm;gram/syntax/predlojenie/tipypredl/uslojprostpred.htm;gram/zvuk/udar.htm
ғанға	gram/syntax/predlojenie/skazuem.htm
ғариб	gram/morphol/suchestv/affik.htm
ғас	gram/morphol/glagol/deeprnagansy.htm;gram/morphol/glagol/deeprnagas.htm;gram/morphol/glagol/deeprnap.htm;gram/morphol/glagol/imyadeyst.htm;gram/morphol/glagol/katotritc.htm;gram/morphol/glagol/vremyanast.htm;gram/morphol/morhol1.html;gram/morphol/prilag/stepenisrav.htm;gram/morphol/vvodzam.htm;gram/syntax/predlojenie/obstoyatprich.htm;gram/syntax/predlojenie/skazuem.htm;gram/syntax/predlojenie/tipypredl/slojnpredl/uslojslojpred/slprsneodpridpred2.htm;gram/syntax/predlojenie/tipypredl/uslojprostpred.htm;gram/syntax/slovosochet/glagslovsprimclenfvy.htm
ғаҙы	gram/zvuk/sog.htm
ғилмий	gram/zvuk/zv1.html
ғолт	gram/morphol/podrajslova/structpodrsl.htm;gram/morphol/prilag/maloprodaffi.htm;gram/morphol/prilag/slojaffi.htm
ғомбағаш	gram/fonomorph/zvukizm.htm
ғос	gram/morphol/suchestv/affik.htm
ғоҙ	gram/morphol/glagol/naklonpovel.htm;gram/morphol/glagol/ponudzalog.htm;gram/morphol/suchestv/grammkatsych/katprinad.htm;gram/syntax/vvodzam.htm
ғоңур	gram/zvuk/glzr3.htm
ғуллап	gram/zvuk/sog.htm;gram/zvuk/zadneyaz.htm
ғурур	gram/morphol/suchestv/affik.htm
ғыл	gram/fonomorph/fonproc.htm;gram/morphol/prilag/formyusil.htm
ғыла	gram/morphol/glagol/katotritc.htm;gram/morphol/glagol/vnutriglaol.htm
ғылт	gram/morphol/prilag/maloprodaffi.htm;gram/morphol/prilag/slojaffi.htm
ғын	gram/morphol/prilag/maloprodaffi.htm
ғыр-ыл-да	gram/fonomorph/fonproc.htm
ғырау	gram/morphol/prilag/slojaffi.htm
ғыры	gram/morphol/glagol/naklonjelan.htm
ғырылдаҡ	gram/morphol/prilag/prodaffi.htm
ғыс	gram/morphol/prilag/maloprodaffi.htm;gram/morphol/prilag/prodaffi.htm;gram/morphol/suchestv/affik.htm
ғыҙ	gram/fonomorph/fonproc.htm;gram/morphol/glagol/naklonpovel.htm;gram/morphol/glagol/naklonuslov.htm;gram/morphol/suchestv/grammkatsych/katprinad.htm
ғәжәпләнет	gram/morphol/modslova/modslutvotrits.htm
ғән	gram/morphol/glagol/naklonuslov.htm
ҙай	gram/morphol/glagol/prichbudvr.htm;gram/syntax/predlojenie/obstoyatsrav.htm;gram/syntax/slovosochet/imenslovosoch.htm;gram/zvuk/udar.htm
ҙан	algram/such.htm;gram/morphol/suchestv/grammkatsych/ishpadez.htm;gram/morphol/suchestv/grammkatsych/padezkat.htm
ҙаш	gram/morphol/prilag/prodaffi.htm
ҙеке	gram/morphol/mestoim/pritmestoim.htm;gram/morphol/suchestv/grammkatsych/katprinad.htm;gram/morphol/suchestv/grammkatsych/katskaz.htm
ҙер	gram/alfavit/princpisma.htm;gram/fonomorph/fonproc.htm;gram/morphol/chastitsa/chastitsa.htm;gram/morphol/mestoim/neopredmestoim.htm;gram/zvuk/per.htm
ҙең	gram/morphol/suchestv/grammkatsych/padezkat.htm;gram/morphol/suchestv/grammkatsych/rodpadez.htm
ҙор	gram/alfavit/princpisma.htm;gram/fonomorph/fonproc.htm
ҙоҡо	gram/morphol/suchestv/grammkatsych/katprinad.htm
ҙоң	gram/morphol/suchestv/grammkatsych/padezkat.htm
ҙыр	gram/alfavit/princpisma.htm;gram/fonomorph/fonproc.htm;gram/morphol/chastitsa/chastitsa.htm;gram/morphol/mestoim/neopredmestoim.htm
ҙыҡы	gram/morphol/mestoim/pritmestoim.htm;gram/morphol/suchestv/grammkatsych/katprinad.htm;gram/morphol/suchestv/grammkatsych/katskaz.htm
ҙың	gram/morphol/suchestv/grammkatsych/padezkat.htm;gram/morphol/suchestv/grammkatsych/rodpadez.htm
ҙәй	gram/syntax/predlojenie/obstoyatsrav.htm;gram/zvuk/udar.htm
ҙәм	gram/morphol/prilag/maloprodaffi.htm
ҙән	gram/morphol/suchestv/grammkatsych/ishpadez.htm;gram/morphol/suchestv/grammkatsych/padezkat.htm
ҙәр	gram/morphol/suchestv/grammkatsych/chislo.htm
ҙәре	gram/morphol/suchestv/grammkatsych/katprinad.htm
ҙәрсә	gram/morphol/chislit/pribchslit.htm
ҙәш	gram/morphol/prilag/prodaffi.htm
ҙәһә	gram/morphol/mejdomet/mejdomet.htm
ҙөкө	gram/morphol/suchestv/grammkatsych/katprinad.htm
ҙөр	gram/alfavit/princpisma.htm;gram/fonomorph/fonproc.htm
ҙөң	gram/morphol/suchestv/grammkatsych/padezkat.htm
ҡ-ыр	gram/morphol/podrajslova/structpodrsl.htm
ҡа-п-ҡара	gram/fonomorph/zvizmprired.htm
ҡа-ра-й	gram/zvuk/slog.htm
ҡа-ра-ғус-ҡыл	gram/zvuk/udar.htm
ҡа-раңғы	gram/morphol/prilag/prodaffi.htm
ҡаб	gram/zvuk/gubn.htm
ҡабаламма	gram/zvuk/izmen.htm
ҡада	gram/zvuk/per.htm
ҡайт-ты	gram/zvuk/izmen.htm
ҡайымбика	gram/zvuk/izmen.htm
ҡакмайынса	gram/morphol/glagol/deeprnap.htm
ҡалаҡ-ты	gram/fonomorph/fonproc.htm
ҡалмаҫ-ҫың	gram/zvuk/izmen.htm
ҡалмаҫ-һың	gram/zvuk/izmen.htm
ҡалырсана	gram/morphol/suchestv/parsych.htm
ҡанэскес	gram/morphol/suchestv/grammkatsych/katprinad.htm
ҡап-ма-ҡар-шы	gram/zvuk/udar.htm
ҡара-й	gram/fonomorph/fonproc.htm
ҡара-й-ҡара-й	gram/fonomorph/fonproc.htm
ҡара-ш	gram/fonomorph/fonproc.htm
ҡара-штыр-ғыла	gram/morphol/glagol/vnutriglaol.htm
ҡара-ғус-ҡыл	gram/morphol/prilag/formyusil.htm
ҡарамһыҙ	gram/morphol/suchestv/grammkatsych/katskaz.htm
ҡарҡы	algram/obchie.htm
ҡасанан	gram/zvuk/udar.htm
ҡатын-ҡыҙҙа-ры-ғыҙ	gram/fonomorph/zvukizm.htm
ҡач	gram/zvuk/per.htm
ҡаҙ-ҙы	gram/zvuk/izmen.htm
ҡаҡ-ша	gram/fonomorph/fonproc.htm
ҡгкмы	gram/morphol/glagol/naklonnamer.htm
ҡиә-фәт	gram/zvuk/slog.htm
ҡо-рал	gram/zvuk/zv4.htm
ҡо-ро	gram/zvuk/slog.htm
ҡоза-ҡозағътлыҡ	gram/morphol/suchestv/parsych.htm
ҡолаялан	gram/syntax/predlojenie/obstoyatmesta.htm
ҡолоннар	gram/morphol/suchestv/grammkatsych/chislo.htm
ҡонтоҙ	gram/zvuk/izmen.htm
ҡор-ол	gram/fonomorph/fonproc.htm
ҡоро-т	gram/fonomorph/fonproc.htm
ҡорутын	gram/alfavit/princpisma.htm
ҡоҙа-ҡоҙағыйлык	gram/morphol/suchestv/parsych.htm
ҡтыр	gram/morphol/prilag/prodaffi.htm
ҡтырғыс	gram/morphol/prilag/prodaffi.htm
ҡуйы-р	gram/fonomorph/fonproc.htm
ҡунағ	gram/zvuk/zadneyaz.htm
ҡунағ-ым	gram/zvuk/zadneyaz.htm
ҡуш-ымта	gram/fonomorph/fonproc.htm;gram/zvuk/izmen.htm
ҡушҡуллап	gram/morphol/narechie/razryady.htm
ҡы-п-ҡыҙыл	gram/fonomorph/zvizmprired.htm
ҡыжмыр	gram/morphol/podrajslova/structpodrsl.htm
ҡыйн-а	gram/fonomorph/fonproc.htm
ҡымырҫҡа	gram/zvuk/izmen.htm
ҡыр-ғын	gram/zvuk/slog.htm
ҡыр-ғыс	gram/fonomorph/fonproc.htm
ҡырыҡ	gram/alfavit/princpisma.htm;gram/zvuk/sog.htm
ҡырыҫлаша	gram/morphol/glagol/vnutriglaol.htm
ҡырғ-аяҡ	gram/zvuk/sog.htm
ҡырғыҙ-са	gram/zvuk/izmen.htm
ҡыс	gram/morphol/prilag/prodaffi.htm
ҡысҡыр-ыб-ыраҡ	gram/fonomorph/fonproc.htm
ҡыштырҙауға	gram/syntax/predlojenie/tipypredl/poryadokslov.htm
ҡыҙ-ғылт	gram/fonomorph/fonproc.htm
ҡыҙ-ҙыҡы	gram/fonomorph/fonproc.htm
ҡыҙығ-ыраҡ	gram/fonomorph/fonproc.htm
ҡыҙғыл	gram/morphol/prilag/formyusil.htm
ҡың	gram/morphol/prilag/slojaffi.htm
ҡыҫ-ҡыс	gram/fonomorph/fonproc.htm
ҡыһыҙ	gram/morphol/modslova/modslutvotrits.htm
ҡәләм-де	gram/fonomorph/fonproc.htm
ҡөръән	gram/zvuk/glpr.htm
ҡөс	gram/morphol/prilag/prodaffi.htm
ү-геҙ	gram/zvuk/zv1.html
ү-се	gram/fonomorph/fonproc.htm
ү-тә	gram/zvuk/zv1.html
ү-ҙән	gram/zvuk/slog.htm
үкән-төкәп	gram/morphol/suchestv/parsych.htm
үлен	gram/syntax/predlojenie/tipypredl/slojnpredl/period.htm
үләнашарҙар	gram/morphol/glagol/prichbudvr.htm
үрен-де	gram/fonomorph/fonproc.htm
үрмәкүч	gram/morphol/suchestv/affik.htm
үс-ег-еү	gram/fonomorph/fonproc.htm
үчин	gram/morphol/poslelogi/obchchar.htm
үчүн	gram/morphol/poslelogi/obchchar.htm
үҙ-әк	gram/fonomorph/fonproc.htm
үҙебеҙекеһегеҙ	gram/morphol/suchestv/grammkatsych/katskaz.htm
үңерей	gram/zvuk/glpr3.htm
үңеҙ	gram/zvuk/zadneyaz.htm
үңрәй	gram/zvuk/glpr3.htm
үңүрей	gram/zvuk/glpr3.htm
һИгеҙ	gram/zvuk/udar.htm
һаб-ы	gram/zvuk/gubn.htm
һайлаб	gram/zvuk/sog.htm
һалп-һалп	gram/morphol/podrajslova/syntfun.htm
һанағайлыҡтан	gram/syntax/predlojenie/skazuem.htm
һантал	gram/zvuk/izmen.htm
һар-ғылт	gram/fonomorph/fonproc.htm
һарғыл	gram/morphol/prilag/formyusil.htm
һатыб	gram/zvuk/gubn2.htm
һаңраулана	gram/morphol/suchestv/grammkatsych/osnpadez.htm
һегеҙ	gram/morphol/suchestv/grammkatsych/katskaz.htm
һел	gram/morphol/prilag/formyusil.htm;gram/morphol/prilag/maloprodaffi.htm
һет	gram/morphol/glagol/affiks.htm
һеңгер	gram/morphol/glagol/affiks.htm
һиг	gram/morphol/chislit/obchchar1.htm
һиггеҙ	gram/morphol/chislit/kolchslit.htm
һикһәм	gram/zvuk/izmen.htm
һинә	gram/morphol/glagol/naklonpovel.htm
һипең	gram/syntax/svyazislov/podchinsvyaz.htm
һиң	gram/zvuk/izmen.htm
һиңке	gram/morphol/prilag/neprodaffi.htm
һор-ғолт	gram/fonomorph/fonproc.htm
һора-й-асаҡ	gram/fonomorph/fonproc.htm
һороғорт	gram/alfavit/princpisma.htm
һорғол	gram/morphol/prilag/formyusil.htm
һоу	gram/morphol/prilag/prodaffi.htm
һоғоҙ	gram/morphol/suchestv/grammkatsych/katskaz.htm
һоҙ	gram/morphol/prilag/prodaffi.htm
һоҫҡолоҡ	gram/morphol/prilag/prodaffi.htm
һуғыш-ы-н-да	gram/morphol/suchestv/grammkatsych/katopred.htm
һыйыр-ҙы	gram/fonomorph/fonproc.htm
һымак	gram/syntax/predlojenie/tipypredl/slojnpredl/uslojslojpred/slprsneodpridpred1.htm;gram/syntax/svyazislov/primykimenn.htm
һыуынты	gram/morphol/prilag/slojaffi.htm
һығ-ымта	gram/zvuk/izmen.htm
һығыҙ	algram/such.htm;gram/morphol/suchestv/grammkatsych/katskaz.htm
һың	algram/such.htm;gram/morphol/suchestv/grammkatsych/katskaz.htm;gram/zvuk/udar.htm
һү-ренте	gram/morphol/vvodzam.htm
һүренте	gram/morphol/prilag/slojaffi.htm
һүссән	gram/zvuk/izmen.htm
һүтелмәле	gram/morphol/prilag/slojaffi.htm
һӘммә	gram/zvuk/udar.htm
һӘммәбез	gram/zvuk/udar.htm
һӘммәгеҙ	gram/zvuk/udar.htm
һӘммәһе	gram/zvuk/udar.htm
һәк	gram/morphol/prilag/maloprodaffi.htm;gram/morphol/prilag/slojaffi.htm
һәнә	gram/alfavit/princpisma.htm;gram/morphol/chastitsa/chastitsa.htm
һәрәк	gram/morphol/modslova/modsldoljneob.htm
һәрәктең	gram/morphol/modslova/modsldoljneob.htm
һөгөҙ	gram/morphol/suchestv/grammkatsych/katskaz.htm
һөзөй	gram/morphol/podrajslova/zvatslova.htm
һөр-өнтө	gram/zvuk/izmen.htm
һөрем	gram/zvuk/glpr.htm
һөсс	gram/morphol/podrajslova/zvatslova.htm
һөң	gram/morphol/suchestv/grammkatsych/katskaz.htm
ә-ле	gram/zvuk/zv1.html
ә-ҙерәк	gram/zvuk/slog.htm
әгәй	gram/morphol/prilag/slojaffi.htm
әйек	gram/zvuk/udar.htm
әйем	gram/zvuk/udar.htm
әйләндертәһе	gram/morphol/glagol/moddolj.htm
әкил	gram/zvuk/gubn.htm
әлә	gram/morphol/mejdomet/mejdomet.htm;gram/morphol/vvodzam.htm
әләә	gram/morphol/mejdomet/mejdomet.htm
әпен	gram/fonomorph/zvizmprired.htm
әрәк	gram/syntax/predlojenie/skazuem.htm
әстәк	gram/morphol/mejdomet/mejdomet.htm
әғәҙә	gram/zvuk/gubn.htm
әҙәбий	gram/alfavit/princpisma.htm
ө-мә	gram/zvuk/zv1.html
ө-мөт	gram/zvuk/zv1.html
ө-рө	gram/zvuk/slog.htm
өбөҙ	gram/morphol/suchestv/grammkatsych/katprinad.htm
өгөҙ	gram/morphol/suchestv/grammkatsych/katprinad.htm
өй-ҙәр	gram/fonomorph/fonproc.htm
өкүз	gram/zvuk/glpr.htm
өләсәй-ем-дәр-гә	gram/morphol/suchestv/grammkatsych/chislo.htm
өнкө	gram/morphol/prilag/slojaffi.htm
өнтө	gram/morphol/prilag/slojaffi.htm
өп-өр-яңы	gram/morphol/prilag/formyusil.htm
өрп-өрп	gram/morphol/podrajslova/structpodrsl.htm
өрөкмәй	gram/morphol/mejdomet/mejdomet.htm
өсләгән	gram/morphol/chislit/pribchslit.htm
өссәү	gram/morphol/chislit/kolchslit.htm
өчен	gram/morphol/poslelogi/obchchar.htm
өшләй	gram/syntax/predlojenie/skazuem.htm
өшәп-туңып	gram/morphol/glagol/deeprnap5.htm
өшө-м-тәл	gram/morphol/vvodzam7.htm
өҙ-лөк	gram/zvuk/zv1.html
өҙ-өм-тә	gram/fonomorph/fonproc.htm
өҙәрҙәй	gram/syntax/predlojenie/skazuem.htm
өҫт	gram/morphol/vvodzam.htm
өүсе	gram/morphol/glagol/prichnastvr.htm;gram/morphol/suchestv/affik.htm
